country,P__Universalism__Universalism,P__Universalism__Benevolence,P__Universalism__Tradition,P__Universalism__Conformity,P__Universalism__Security,P__Universalism__Power,P__Universalism__Achievement,P__Universalism__Hedonism,P__Universalism__Stimulation,P__Universalism__Self-Direction,P__Benevolence__Universalism,P__Benevolence__Benevolence,P__Benevolence__Tradition,P__Benevolence__Conformity,P__Benevolence__Security,P__Benevolence__Power,P__Benevolence__Achievement,P__Benevolence__Hedonism,P__Benevolence__Stimulation,P__Benevolence__Self-Direction,P__Tradition__Universalism,P__Tradition__Benevolence,P__Tradition__Tradition,P__Tradition__Conformity,P__Tradition__Security,P__Tradition__Power,P__Tradition__Achievement,P__Tradition__Hedonism,P__Tradition__Stimulation,P__Tradition__Self-Direction,P__Conformity__Universalism,P__Conformity__Benevolence,P__Conformity__Tradition,P__Conformity__Conformity,P__Conformity__Security,P__Conformity__Power,P__Conformity__Achievement,P__Conformity__Hedonism,P__Conformity__Stimulation,P__Conformity__Self-Direction,P__Security__Universalism,P__Security__Benevolence,P__Security__Tradition,P__Security__Conformity,P__Security__Security,P__Security__Power,P__Security__Achievement,P__Security__Hedonism,P__Security__Stimulation,P__Security__Self-Direction,P__Power__Universalism,P__Power__Benevolence,P__Power__Tradition,P__Power__Conformity,P__Power__Security,P__Power__Power,P__Power__Achievement,P__Power__Hedonism,P__Power__Stimulation,P__Power__Self-Direction,P__Achievement__Universalism,P__Achievement__Benevolence,P__Achievement__Tradition,P__Achievement__Conformity,P__Achievement__Security,P__Achievement__Power,P__Achievement__Achievement,P__Achievement__Hedonism,P__Achievement__Stimulation,P__Achievement__Self-Direction,P__Hedonism__Universalism,P__Hedonism__Benevolence,P__Hedonism__Tradition,P__Hedonism__Conformity,P__Hedonism__Security,P__Hedonism__Power,P__Hedonism__Achievement,P__Hedonism__Hedonism,P__Hedonism__Stimulation,P__Hedonism__Self-Direction,P__Stimulation__Universalism,P__Stimulation__Benevolence,P__Stimulation__Tradition,P__Stimulation__Conformity,P__Stimulation__Security,P__Stimulation__Power,P__Stimulation__Achievement,P__Stimulation__Hedonism,P__Stimulation__Stimulation,P__Stimulation__Self-Direction,P__Self-Direction__Universalism,P__Self-Direction__Benevolence,P__Self-Direction__Tradition,P__Self-Direction__Conformity,P__Self-Direction__Security,P__Self-Direction__Power,P__Self-Direction__Achievement,P__Self-Direction__Hedonism,P__Self-Direction__Stimulation,P__Self-Direction__Self-Direction,VA__Universalism__immigration,VA__Benevolence__immigration,VA__Tradition__immigration,VA__Conformity__immigration,VA__Security__immigration,VA__Power__immigration,VA__Achievement__immigration,VA__Hedonism__immigration,VA__Stimulation__immigration,VA__Self-Direction__immigration
AT,0.5,0.5602396927881167,0.2985609992826096,0.2802042452631135,0.4973836350592902,0.1156264506055619,0.26121449972570365,0.32704561758872436,0.060239692788116694,0.4435160568848378,0.4397603072118833,0.5,0.23832130649449296,0.21996455247499686,0.4371439422711736,0.05538675781744521,0.20097480693758699,0.2668059248006077,0.0,0.3832763640967211,0.7014390007173903,0.761678693505507,0.5,0.4816432459805039,0.6988226357766806,0.3170654513229523,0.46265350044309406,0.5284846183061147,0.2616786935055071,0.6449550576022282,0.7197957547368865,0.7800354475250032,0.5183567540194961,0.5,0.7171793897961767,0.3354222053424484,0.48101025446259016,0.5468413723256108,0.2800354475250032,0.6633118116217243,0.5026163649407098,0.5628560577288264,0.3011773642233194,0.2828206102038233,0.5,0.11824281554627171,0.2638308646664135,0.3296619825294342,0.06285605772882649,0.4461324218255475,0.8843735493944381,0.9446132421825548,0.6829345486770476,0.6645777946575516,0.8817571844537282,0.5,0.6455880491201418,0.7114191669831624,0.44461324218255477,0.8278896062792759,0.7387855002742963,0.799025193062413,0.5373464995569059,0.5189897455374098,0.7361691353335864,0.3544119508798582,0.5,0.5658311178630206,0.29902519306241304,0.6823015571591341,0.6729543824112756,0.7331940751993923,0.47151538169388524,0.45315862767438914,0.6703380174705659,0.28858083301683757,0.4341688821369793,0.5,0.23319407519939234,0.6164704392961133,0.9397603072118833,1.0,0.7383213064944929,0.7199645524749968,0.9371439422711735,0.5553867578174452,0.700974806937587,0.7668059248006076,0.5,0.8832763640967211,0.5564839431151622,0.6167236359032789,0.3550449423977719,0.33668818837827574,0.5538675781744524,0.17211039372072412,0.3176984428408659,0.3835295607038866,0.1167236359032789,0.5,0.017226606880810624,0.023493182144844162,-0.003728557408411122,-0.005638161779587713,0.016954433384229133,-0.022758752693584745,-0.007613614577356605,-0.0007653782117577859,-0.028520490020410665,0.011350732281224725
BE,0.5,0.559230894573896,0.3751833143229591,0.27057194068763235,0.37787192439302586,0.05923089457389599,0.24001955352778218,0.380967899625224,0.19415023627179392,0.42977024604855785,0.44076910542610404,0.5,0.3159524197490631,0.21134104611373636,0.31864102981912984,0.0,0.18078865895388618,0.321737005051328,0.13491934169789793,0.3705393514746618,0.6248166856770409,0.6840475802509369,0.5,0.39538862636467326,0.5026886100700667,0.18404758025093693,0.3648362392048231,0.5057845853022649,0.31896692194883486,0.5545869317255988,0.7294280593123676,0.7886589538862636,0.6046113736353267,0.5,0.6072999837053935,0.2886589538862636,0.46944761284014985,0.6103959589375916,0.4235782955841616,0.6591983053609255,0.6221280756069741,0.6813589701808702,0.49731138992993323,0.3927000162946065,0.5,0.18135897018087016,0.36214762913475634,0.5030959752321982,0.3162783118787681,0.551898321655532,0.940769105426104,1.0,0.8159524197490631,0.7113410461137364,0.8186410298191299,0.5,0.6807886589538862,0.821737005051328,0.634919341697898,0.8705393514746619,0.7599804464722179,0.8192113410461138,0.6351637607951768,0.5305523871598502,0.6378523708652436,0.3192113410461138,0.5,0.6409483460974418,0.45413068274401175,0.6897506925207757,0.619032100374776,0.6782629949486719,0.49421541469773506,0.38960404106240837,0.4969040247678018,0.178262994948672,0.3590516539025582,0.5,0.3131823366465699,0.5488023464233338,0.805849763728206,0.865080658302102,0.6810330780511652,0.5764217044158384,0.6837216881212319,0.36508065830210207,0.5458693172559883,0.6868176633534301,0.5,0.7356200097767638,0.5702297539514422,0.6294606485253381,0.44541306827440125,0.3408016946390745,0.448101678344468,0.12946064852533817,0.31024930747922436,0.45119765357666614,0.2643799902232361,0.5,0.014993783317707348,0.020499632631765952,0.0033913608292096956,-0.006332862718591207,0.0036412824624475638,-0.025978217767653158,-0.009172881278112506,0.003929071009812391,-0.013436695808807138,0.008465527322221063
BG,0.5,0.6140834712263283,0.4901176686890972,0.4327541827541827,0.632147453576025,0.1453851810994668,0.44847398418826995,0.17999632285346567,0.13214745357602495,0.32147453576025,0.3859165287736716,0.5,0.3760341974627689,0.31867071152785437,0.5180639823496966,0.031301709873138454,0.33439051296194156,0.06591285162713732,0.01806398234969665,0.20739106453392164,0.5098823313109028,0.6239658025372311,0.5,0.4426365140650855,0.6420297848869277,0.15526751241036957,0.45835631549917266,0.18987865416436844,0.14202978488692777,0.33135686707115275,0.5672458172458174,0.6813292884721456,0.5573634859349145,0.5,0.6993932708218422,0.21263099834528407,0.5157198014340871,0.24724214009928294,0.19939327082184227,0.3887203530060673,0.367852546423975,0.48193601765030336,0.35797021511307225,0.3006067291781577,0.5,0.013237727523441808,0.3163265306122449,0.04784886927744068,0.0,0.189327082184225,0.8546148189005333,0.9686982901268616,0.8447324875896305,0.7873690016547159,0.9867622724765582,0.5,0.803088803088803,0.5346111417539988,0.4867622724765582,0.6760893546607832,0.5515260158117301,0.6656094870380584,0.5416436845008273,0.48428019856591287,0.6836734693877551,0.1969111969111969,0.5,0.23152233866519578,0.1836734693877551,0.3730005515719801,0.8200036771465343,0.9340871483728627,0.8101213458356314,0.7527578599007172,0.9521511307225594,0.4653888582460011,0.7684776613348042,0.5,0.4521511307225593,0.6414782129067843,0.867852546423975,0.9819360176503033,0.8579702151130723,0.8006067291781578,1.0,0.5132377275234418,0.816326530612245,0.5478488692774407,0.5,0.689327082184225,0.6785254642397499,0.7926089354660784,0.6686431329288473,0.6112796469939328,0.8106729178157749,0.3239106453392168,0.6269994484280199,0.3585217870932157,0.310672917815775,0.5,0.06489850622633114,0.13199760330779153,0.059086134803078116,0.025347346262521064,0.14262207758378428,-0.14367100786853873,0.034593071968346795,-0.12331419074430845,-0.15145688214712882,-0.04010265939187688
CH,0.5,0.5641103262697612,0.32425159771274803,0.18318197107299028,0.3720820719811638,0.06411032626976122,0.1968045745038682,0.3775311133535149,0.16088126471577538,0.49175916582576523,0.43588967373023885,0.5,0.2601412714429869,0.11907164480322914,0.3079717457114027,0.0,0.132694248234107,0.3134207870837538,0.09677093844601417,0.4276488395560041,0.675748402287252,0.7398587285570131,0.5,0.35893037336024225,0.5478304742684158,0.23985872855701315,0.37255297679112015,0.5532795156407669,0.3366296670030273,0.6675075681130171,0.8168180289270096,0.8809283551967708,0.6410696266397578,0.5,0.6889001009081736,0.38092835519677093,0.513622603430878,0.6943491422805247,0.47769929364278507,0.8085771947527749,0.6279179280188363,0.6920282542885974,0.45216952573158425,0.31109989909182645,0.5,0.1920282542885974,0.3247225025227044,0.5054490413723511,0.2887991927346116,0.6196770938446015,0.9358896737302388,1.0,0.7601412714429868,0.6190716448032292,0.8079717457114025,0.5,0.632694248234107,0.8134207870837536,0.5967709384460141,0.927648839556004,0.8031954254961318,0.867305751765893,0.6274470232088798,0.4863773965691221,0.6752774974772956,0.367305751765893,0.5,0.6807265388496467,0.4640766902119072,0.7949545913218969,0.6224688866464851,0.6865792129162462,0.4467204843592331,0.3056508577194753,0.49455095862764886,0.18657921291624624,0.31927346115035327,0.5,0.28335015136226044,0.6142280524722503,0.8391187352842246,0.9032290615539859,0.6633703329969728,0.5223007063572149,0.7112008072653885,0.4032290615539858,0.5359233097880929,0.7166498486377396,0.5,0.8308779011099899,0.5082408341742347,0.5723511604439959,0.33249243188698285,0.19142280524722505,0.3803229061553986,0.07235116044399598,0.20504540867810297,0.38577194752774974,0.16912209889001015,0.5,-0.058834877663722245,-0.08020206580957312,-0.00026008329747309453,0.04675669901296686,-0.016201395754660904,0.08644182285153565,0.04221645179414755,-0.018017494642188617,0.054189251867478486,-0.05608830835851057
CY,0.5,0.5300646420295158,0.4471886815465301,0.23130869618246125,0.530796438590072,0.030796438590071928,0.1509940236614221,0.15227466764239536,0.05110379314550554,0.41187949749969516,0.46993535797048425,0.5,0.4171240395170144,0.20124405415294547,0.5007317965605561,0.0007317965605561463,0.12092938163190632,0.12221002561287965,0.02103915111598976,0.3818148554701793,0.5528113184534699,0.5828759604829856,0.5,0.2841200146359312,0.5836077570435418,0.08360775704354184,0.203805342114892,0.20508598609586529,0.10391511159897546,0.464690815953165,0.7686913038175387,0.7987559458470546,0.7158799853640687,0.5,0.7994877424076107,0.29948774240761067,0.41968532747896087,0.42096597145993414,0.31979509696304426,0.6805708013172338,0.4692035614099281,0.49926820343944384,0.41639224295645816,0.20051225759238933,0.5,0.0,0.12019758507135017,0.12147822905232344,0.020307354555433612,0.38108305890962313,0.969203561409928,0.9992682034394438,0.9163922429564582,0.7005122575923892,1.0,0.5,0.6201975850713501,0.6214782290523234,0.5203073545554336,0.8810830589096231,0.8490059763385779,0.8790706183680937,0.7961946578851079,0.5803146725210392,0.8798024149286499,0.3798024149286498,0.5,0.5012806439809733,0.40010976948408344,0.760885473838273,0.8477253323576046,0.8777899743871203,0.7949140139041347,0.5790340285400659,0.8785217709476766,0.37852177094767653,0.4987193560190267,0.5,0.39882912550311017,0.7596048298572998,0.9488962068544945,0.9789608488840101,0.8960848884010246,0.6802049030369557,0.9796926454445664,0.4796926454445664,0.5998902305159165,0.6011708744968899,0.5,0.8607757043541896,0.5881205025003049,0.6181851445298207,0.535309184046835,0.3194291986827662,0.6189169410903769,0.11891694109037684,0.23911452616172701,0.2403951701427003,0.13922429564581046,0.5,0.13263682804163088,0.15294489854833107,0.09696382792235629,-0.04885882845435523,0.15343921263774365,-0.18430088895340252,-0.10310979976738602,-0.10224475011091402,-0.17058367297220337,0.07311317310819923
CZ,0.5,0.5223371049551307,0.37514631291455325,0.3668552477565353,0.6505072181037845,0.2416113928989466,0.19849785407725323,0.29018728053062814,0.1505072181037846,0.520093640265314,0.47766289504486925,0.5,0.35280920795942255,0.3445181428014046,0.6281701131486539,0.2192742879438159,0.17616074912212254,0.26785017557549745,0.1281701131486539,0.4977565353101834,0.6248536870854468,0.6471907920405775,0.5,0.491708934841982,0.7753609051892314,0.36646507998439337,0.32335154116270004,0.4150409676160749,0.27536090518923134,0.6449473273507609,0.6331447522434647,0.6554818571985954,0.508291065158018,0.5,0.7836519703472493,0.37475614514241135,0.331642606320718,0.4233320327740929,0.2836519703472493,0.6532383925087788,0.3494927818962154,0.3718298868513461,0.22463909481076863,0.21634802965275066,0.5,0.09110417479516199,0.04799063597346865,0.13968006242684355,0.0,0.3695864221615295,0.7583886071010534,0.7807257120561841,0.6335349200156066,0.6252438548575887,0.9088958252048379,0.5,0.45688646117830667,0.5485758876316815,0.408895825204838,0.7784822473663675,0.8015021459227467,0.8238392508778775,0.6766484588373,0.668357393679282,0.9520093640265312,0.5431135388216933,0.5,0.5916894264533749,0.45200936402653136,0.8215957861880607,0.7098127194693719,0.7321498244245025,0.5849590323839251,0.5766679672259071,0.8603199375731564,0.4514241123683184,0.4083105735466251,0.5,0.36031993757315645,0.7299063597346859,0.8494927818962155,0.8718298868513462,0.7246390948107686,0.7163480296527507,1.0,0.591104174795162,0.5479906359734686,0.6396800624268436,0.5,0.8695864221615295,0.479906359734686,0.5022434646898166,0.3550526726492392,0.3467616074912212,0.6304135778384705,0.22151775263363252,0.1784042138119392,0.27009364026531407,0.13041357783847055,0.5,0.06806399070512968,0.08090202206290473,-0.0036944378448793857,-0.008459645990778433,0.1545665338712734,-0.08044231963000621,-0.10522140198868121,-0.052523806022268346,-0.13280354796259097,0.07961261279989676
DE,0.5,0.5557778461748915,0.32704079887828735,0.20336171813549475,0.39803700283848026,0.055777846174891496,0.18448411477035676,0.32006429328682334,0.1324168120105332,0.4608255531616566,0.44422215382510855,0.5,0.2712629527033959,0.1475838719606033,0.3422591566635888,0.0,0.12870626859546533,0.2642864471119319,0.07663896583564177,0.4050477069867651,0.6729592011217126,0.7287370472966042,0.5,0.3763209192572074,0.5709962039601929,0.22873704729660413,0.3574433158920694,0.49302349440853604,0.3053760131322458,0.6337847542833692,0.7966382818645052,0.8524161280393966,0.6236790807427927,0.5,0.6946752847029856,0.35241612803939676,0.48112239663486206,0.6167025751513285,0.42905509387503843,0.7574638350261619,0.6019629971615197,0.6577408433364113,0.4290037960398071,0.3053247152970145,0.5,0.15774084333641122,0.2864471119318765,0.4220272904483431,0.23437980917205295,0.5627885503231763,0.9442221538251084,1.0,0.7712629527033958,0.6475838719606033,0.8422591566635887,0.5,0.6287062685954652,0.7642864471119319,0.5766389658356417,0.9050477069867652,0.8155158852296432,0.8712937314045347,0.6425566841079307,0.5188776033651379,0.7135528880681236,0.37129373140453475,0.5,0.6355801785164666,0.4479326972401764,0.7763414383912998,0.6799357067131766,0.7357135528880681,0.506976505591464,0.3832974248486714,0.5779727095516568,0.23571355288806814,0.3644198214835334,0.5,0.31235251872370984,0.6407612598748332,0.8675831879894668,0.9233610341643583,0.6946239868677542,0.5709449061249615,0.7656201908279471,0.4233610341643583,0.5520673027598235,0.6876474812762902,0.5,0.8284087411511234,0.5391744468383434,0.5949522930132348,0.3662152457166307,0.24253616497383812,0.4372114496768236,0.09495229301323486,0.22365856160870018,0.35923874012516677,0.17159125884887658,0.5,-0.05848098070554428,-0.07599745905030816,-0.004164862233046853,0.03467532411510675,-0.02646051462037354,0.08102257261101632,0.040603647871274545,-0.0019739599753326887,0.05695486692700907,-0.04617863493980117
DK,0.5,0.603205897479856,0.3071318361049203,0.353334476255786,0.3519629693125321,0.10320589747985592,0.20195439739413673,0.40922338419338244,0.2184124807131836,0.4685410594891136,0.396794102520144,0.5,0.20392593862506433,0.25012857877593003,0.24875707183267617,0.0,0.09874849991428077,0.30601748671352647,0.11520658323332762,0.36533516200925764,0.6928681638950797,0.7960740613749357,0.5,0.5462026401508656,0.5448311332076119,0.29607406137493564,0.39482256128921644,0.6020915480884622,0.4112806446082633,0.6614092233841934,0.646665523744214,0.7498714212240699,0.4537973598491343,0.5,0.49862849305674606,0.2498714212240699,0.3486199211383507,0.5558889079375965,0.3650780044573976,0.6152065832333277,0.6480370306874679,0.7512429281673237,0.45516886679238816,0.5013715069432539,0.5,0.2512429281673238,0.3499914280816046,0.5572604148808503,0.36644951140065146,0.6165780901765814,0.8967941025201441,1.0,0.7039259386250644,0.7501285787759302,0.7487570718326763,0.5,0.5987484999142808,0.8060174867135266,0.6152065832333278,0.8653351620092576,0.7980456026058632,0.9012515000857192,0.6051774387107836,0.6513800788616493,0.6500085719183955,0.4012515000857192,0.5,0.7072689867992458,0.5164580833190469,0.7665866620949768,0.5907766158066176,0.6939825132864735,0.39790845191153784,0.44411109206240357,0.4427395851191497,0.19398251328647345,0.2927310132007543,0.5,0.30918909651980114,0.5593176752957312,0.7815875192868165,0.8847934167666723,0.5887193553917368,0.6349219955426024,0.6335504885993485,0.38479341676667234,0.48354191668095314,0.6908109034801989,0.5,0.7501285787759301,0.5314589405108863,0.6346648379907424,0.33859077661580667,0.3847934167666724,0.3834219098234185,0.1346648379907423,0.2334133379050231,0.4406823247042688,0.24987142122406997,0.5,0.0011298670972831892,0.0019161568985252904,-0.000339528295403462,1.247353422236218e-05,2.0245003188129343e-06,-0.0018931690239374817,-0.0011408385828819163,0.00043827166579200525,-0.001015450176039322,0.0008901923821205221
EE,0.5,0.5250956388676359,0.32410099464422343,0.29296097934200455,0.4657230298393267,0.025095638867635862,0.15202754399387913,0.2358071920428462,0.1353481254781944,0.41928079571537874,0.4749043611323641,0.5,0.2990053557765876,0.2678653404743687,0.4406273909716908,0.0,0.12693190512624328,0.21071155317521034,0.11025248661055853,0.39418515684774286,0.6758990053557765,0.7009946442234124,0.5,0.4688599846977811,0.6416220351951032,0.20099464422341243,0.3279265493496557,0.41170619739862274,0.31124713083397093,0.5951798010711553,0.7070390206579954,0.7321346595256313,0.5311400153022189,0.5,0.6727620504973221,0.23213465952563128,0.3590665646518746,0.4428462127008416,0.3423871461361898,0.6263198163733742,0.5342769701606733,0.5593726090283092,0.35837796480489675,0.32723794950267787,0.5,0.05937260902830919,0.18630451415455246,0.27008416220351955,0.1696250956388677,0.45355776587605207,0.9749043611323641,1.0,0.7990053557765876,0.7678653404743687,0.9406273909716908,0.5,0.6269319051262433,0.7107115531752104,0.6102524866105585,0.8941851568477428,0.8479724560061208,0.8730680948737567,0.6720734506503444,0.6409334353481255,0.8136954858454475,0.3730680948737567,0.5,0.5837796480489671,0.4833205814843152,0.7672532517214996,0.7641928079571538,0.7892884468247897,0.5882938026013772,0.5571537872991583,0.7299158377964805,0.28928844682478966,0.41622035195103296,0.5,0.3995409334353482,0.6834736036725324,0.8646518745218057,0.8897475133894416,0.688752869166029,0.6576128538638101,0.8303749043611324,0.38974751338944147,0.5166794185156848,0.6004590665646518,0.5,0.7839326702371844,0.5807192042846213,0.6058148431522571,0.40482019892884474,0.37368018362662586,0.546442234123948,0.10581484315225714,0.23274674827850042,0.3165263963274675,0.21606732976281567,0.5,0.061266951377576984,0.06925596308619004,0.0052707991882434925,-0.0046423952184806395,0.05035513050727623,-0.08991535251071923,-0.049507515850386805,-0.02283688224998656,-0.05481728582745279,0.03557058749773929
ES,0.5,0.5284090909090909,0.3942179144385026,0.29537098930481287,0.4520387700534759,0.028409090909090887,0.1330213903743315,0.27481617647058826,0.15090240641711222,0.41936831550802134,0.4715909090909091,0.5,0.36580882352941174,0.26696189839572193,0.42362967914438504,0.0,0.1046122994652406,0.2464070855614973,0.12249331550802134,0.39095922459893045,0.6057820855614974,0.6341911764705883,0.5,0.4011530748663102,0.5578208556149733,0.13419117647058829,0.23880347593582887,0.3805982620320856,0.2566844919786096,0.5251504010695187,0.7046290106951871,0.7330381016042781,0.5988469251336899,0.5,0.6566677807486632,0.23303810160427807,0.33765040106951866,0.4794451871657754,0.3555314171122994,0.6239973262032086,0.5479612299465241,0.576370320855615,0.4421791443850267,0.3433322192513369,0.5,0.07637032085561496,0.18098262032085558,0.3227774064171123,0.1988636363636363,0.4673295454545454,0.9715909090909091,1.0,0.8658088235294117,0.7669618983957219,0.923629679144385,0.5,0.6046122994652406,0.7464070855614974,0.6224933155080213,0.8909592245989304,0.8669786096256685,0.8953877005347594,0.761196524064171,0.6623495989304813,0.8190173796791443,0.3953877005347594,0.5,0.6417947860962567,0.5178810160427807,0.7863469251336898,0.7251838235294118,0.7535929144385026,0.6194017379679143,0.5205548128342247,0.6772225935828877,0.2535929144385027,0.3582052139037433,0.5,0.376086229946524,0.6445521390374331,0.8490975935828877,0.8775066844919787,0.7433155080213903,0.6444685828877006,0.8011363636363636,0.37750668449197866,0.4821189839572193,0.623913770053476,0.5,0.7684659090909091,0.5806316844919787,0.6090407754010696,0.4748495989304813,0.3760026737967915,0.5326704545454546,0.10904077540106956,0.21365307486631016,0.35544786096256686,0.2315340909090909,0.5,-0.03663924006612041,-0.04234759438151285,-0.015384014879982642,0.004477700282103428,-0.0270021948395461,0.05811944156939423,0.03709926626683144,0.008607862522063844,0.03350636090361385,-0.020437587376844774
FI,0.5,0.5228422254853973,0.28599689998368405,0.293828520150106,0.38340267580355686,0.022842225485397306,0.1194526023821177,0.34455049763419804,0.21918339043889698,0.401696851036058,0.4771577745146027,0.5,0.2631546744982868,0.27098629466470875,0.36056045031815953,0.0,0.0966103768967204,0.32170827214880077,0.19634116495349974,0.37885462555066074,0.714003100016316,0.7368453255017132,0.5,0.5078316201664219,0.5974057758198729,0.23684532550171325,0.33345570239843364,0.5585535976505139,0.43318649045521296,0.6156999510523741,0.706171479849894,0.7290137053352912,0.49216837983357803,0.5,0.5895741556534508,0.22901370533529128,0.32562408223201167,0.550721977484092,0.425354870288791,0.607868330885952,0.6165973241964432,0.6394395496818405,0.40259422418012725,0.41042584434654916,0.5,0.13943954968184047,0.2360499265785609,0.46114782183064124,0.33578071463534015,0.5182941752325012,0.9771577745146027,1.0,0.7631546744982867,0.7709862946647087,0.8605604503181596,0.5,0.5966103768967204,0.8217082721488007,0.6963411649534996,0.8788546255506606,0.8805473976178823,0.9033896231032795,0.6665442976015664,0.6743759177679883,0.7639500734214392,0.4033896231032796,0.5,0.7250978952520802,0.5997307880567794,0.7822442486539404,0.6554495023658019,0.6782917278511993,0.44144640234948607,0.449278022515908,0.5388521781693588,0.1782917278511993,0.2749021047479197,0.5,0.37463289280469897,0.55714635340186,0.7808166095611031,0.8036588350465003,0.566813509544787,0.5746451297112091,0.6642192853646599,0.3036588350465003,0.40026921194322074,0.625367107195301,0.5,0.6825134605971611,0.598303148963942,0.6211453744493393,0.38430004894762604,0.39213166911404795,0.4817058247674988,0.12114537444933927,0.21775575134605968,0.44285364659814,0.31748653940283894,0.5,-0.02222597386639918,-0.024889333490896805,0.0027263766156129772,0.001813224744356644,-0.008630949783137621,0.03340970628962447,0.022145121877798362,-0.0041008604218269245,0.010516703517268538,-0.010764015482400453
FR,0.5,0.5152179358717435,0.34506513026052105,0.21655811623246493,0.3846442885771543,0.015217935871743448,0.09600450901803602,0.3664203406813627,0.16495490981963923,0.4031187374749499,0.48478206412825653,0.5,0.3298471943887776,0.20134018036072143,0.3694263527054108,0.0,0.08078657314629252,0.35120240480961923,0.14973697394789573,0.38790080160320645,0.6549348697394789,0.6701528056112224,0.5,0.37149298597194386,0.5395791583166333,0.1701528056112224,0.250939378757515,0.5213552104208417,0.3198897795591182,0.5580536072144289,0.7834418837675351,0.7986598196392786,0.6285070140280561,0.5,0.6680861723446894,0.2986598196392785,0.3794463927855711,0.6498622244488977,0.4483967935871742,0.686560621242485,0.6153557114228457,0.6305736472945891,0.4604208416833667,0.33191382765531063,0.5,0.13057364729458912,0.2113602204408817,0.4817760521042084,0.2803106212424849,0.5184744488977956,0.9847820641282565,1.0,0.8298471943887776,0.7013401803607214,0.8694263527054109,0.5,0.5807865731462926,0.8512024048096193,0.6497369739478959,0.8879008016032064,0.903995490981964,0.9192134268537074,0.7490606212424851,0.6205536072144289,0.7886397795591183,0.41921342685370744,0.5,0.7704158316633267,0.5689504008016032,0.8071142284569139,0.6335796593186374,0.6487975951903807,0.47864478957915835,0.35013777555110226,0.5182239478957916,0.14879759519038074,0.22958416833667333,0.5,0.29853456913827653,0.5366983967935872,0.8350450901803608,0.8502630260521042,0.6801102204408818,0.5516032064128258,0.719689378757515,0.35026302605210424,0.4310495991983968,0.7014654308617234,0.5,0.7381638276553107,0.59688126252505,0.6120991983967936,0.44194639278557113,0.313439378757515,0.4815255511022044,0.11209919839679351,0.1928857715430861,0.4633016032064128,0.26183617234468926,0.5,0.0444919940391785,0.04788961025222032,0.009900625680884423,-0.018790355673690945,0.018737224226738045,-0.06374235618780394,-0.04570562814326093,0.014668473946922521,-0.03031149048663936,0.02286190234545137
GB,0.5,0.5558102265951104,0.3442717650566488,0.2632118366129995,0.43645646988670245,0.05581022659511037,0.2062462731067383,0.24610539654144314,0.20373062015503884,0.44171138938580806,0.4441897734048897,0.5,0.2884615384615385,0.20740161001788918,0.38064624329159213,0.0,0.15043604651162792,0.19029516994633278,0.14792039355992848,0.3859011627906977,0.6557282349433512,0.7115384615384615,0.5,0.41894007155635066,0.5921847048300537,0.21153846153846154,0.36197450805008946,0.40183363148479434,0.35945885509839,0.5974396243291592,0.7367881633870005,0.7925983899821109,0.5810599284436493,0.5,0.673244633273703,0.29259838998211085,0.4430344364937388,0.4828935599284437,0.4405187835420393,0.6784995527728086,0.5635435301132976,0.6193537567084079,0.40781529516994636,0.326755366726297,0.5,0.1193537567084079,0.2697898032200358,0.30964892665474064,0.26727415026833634,0.5052549194991055,0.9441897734048896,1.0,0.7884615384615384,0.7074016100178891,0.880646243291592,0.5,0.6504360465116279,0.6902951699463328,0.6479203935599285,0.8859011627906976,0.7937537268932617,0.8495639534883721,0.6380254919499105,0.5569655635062611,0.7302101967799642,0.3495639534883721,0.5,0.5398591234347049,0.4974843470483005,0.7354651162790697,0.7538946034585569,0.8097048300536672,0.5981663685152058,0.5171064400715563,0.6903510733452594,0.3097048300536672,0.4601408765652951,0.5,0.4576252236135957,0.6956059928443649,0.7962693798449612,0.8520796064400715,0.64054114490161,0.5594812164579607,0.7327258497316635,0.3520796064400715,0.5025156529516994,0.5423747763864043,0.5,0.7379807692307692,0.558288610614192,0.6140988372093024,0.4025603756708408,0.32150044722719145,0.4947450805008945,0.11409883720930232,0.26453488372093026,0.3043940071556351,0.2620192307692308,0.5,-0.0363871619269361,-0.048013879586985365,-0.003944931714905524,0.01294195370119271,-0.023149396577764835,0.056149088110657885,0.02480935800395417,0.0165056688303831,0.025333433758246874,-0.02424413259784293
HR,0.5,0.5376151761517615,0.3690785907859078,0.3198915989159893,0.47485094850948506,0.07452574525745267,0.24956639566395666,0.26005420054200545,0.03761517615176146,0.3979403794037941,0.4623848238482385,0.5,0.3314634146341464,0.2822764227642277,0.4372357723577236,0.03691056910569121,0.21195121951219512,0.22243902439024388,0.0,0.36032520325203254,0.6309214092140921,0.6685365853658536,0.5,0.45081300813008135,0.6057723577235772,0.20544715447154482,0.3804878048780488,0.3909756097560976,0.16853658536585361,0.5288617886178861,0.6801084010840107,0.7177235772357723,0.5491869918699187,0.5,0.6549593495934959,0.2546341463414635,0.42967479674796744,0.44016260162601617,0.21772357723577224,0.5780487804878048,0.5251490514905148,0.5627642276422764,0.39422764227642276,0.3450406504065041,0.5,0.09967479674796759,0.27471544715447155,0.28520325203252034,0.06276422764227638,0.42308943089430895,0.9254742547425473,0.9630894308943088,0.7945528455284552,0.7453658536585366,0.9003252032520325,0.5,0.6750406504065041,0.6855284552845526,0.46308943089430876,0.8234146341463414,0.7504336043360433,0.7880487804878049,0.6195121951219512,0.5703252032520326,0.7252845528455284,0.32495934959349604,0.5,0.5104878048780488,0.2880487804878048,0.6483739837398373,0.7399457994579945,0.7775609756097561,0.6090243902439024,0.5598373983739838,0.7147967479674797,0.31447154471544725,0.48951219512195127,0.5,0.27756097560975607,0.6378861788617887,0.9623848238482385,1.0,0.8314634146341464,0.7822764227642277,0.9372357723577236,0.5369105691056912,0.7119512195121951,0.722439024390244,0.5,0.8603252032520325,0.6020596205962059,0.6396747967479675,0.4711382113821138,0.42195121951219516,0.576910569105691,0.17658536585365864,0.3516260162601626,0.3621138211382114,0.13967479674796743,0.5,0.06563639659481002,0.07951563463161629,0.01732904864393751,-0.00081995498488335,0.056356906034178755,-0.09135498465724928,-0.026768530421131392,-0.02289874287052332,-0.10497423696714135,0.027978463996386118
HU,0.5,0.5667219611095752,0.3960003686296194,0.2949497742143581,0.6058427794673302,0.18339323564648416,0.3448530089392683,0.430421159340153,0.10584277946733017,0.5216569901391577,0.43327803889042477,0.5,0.3292784075200442,0.22822781310478288,0.5391208183577549,0.11667127453690897,0.2781310478296931,0.3636991982305778,0.03912081835775498,0.45493502902958244,0.6039996313703805,0.6707215924799558,0.5,0.3989494055847386,0.7098424108377107,0.28739286701686473,0.4488526403096489,0.5344207907105335,0.20984241083771074,0.6256566215095383,0.705050225785642,0.7717721868952171,0.6010505944152613,0.5,0.810893005252972,0.3884434614321261,0.5499032347249102,0.6354713851257949,0.3108930052529721,0.7267072159247996,0.3941572205326698,0.460879181642245,0.29015758916228923,0.1891069947470279,0.5,0.07755045617915399,0.23901022947193815,0.3245783798728228,0.0,0.4158142106718275,0.8166067643535159,0.8833287254630912,0.7126071329831353,0.611556538567874,0.9224495438208459,0.5,0.6614597732927842,0.7470279236936688,0.422449543820846,0.8382637544926735,0.6551469910607316,0.7218689521703069,0.5511473596903511,0.45009676527508974,0.7609897705280618,0.33854022670721584,0.5,0.5855681504008846,0.2609897705280619,0.6768039811998894,0.569578840659847,0.6363008017694223,0.46557920928946644,0.3645286148742051,0.6754216201271772,0.2529720763063312,0.41443184959911533,0.5,0.1754216201271772,0.5912358307990047,0.8941572205326698,0.9608791816422451,0.7901575891622893,0.6891069947470279,1.0,0.577550456179154,0.7390102294719382,0.8245783798728228,0.5,0.9158142106718274,0.4783430098608423,0.5450649709704175,0.3743433784904618,0.2732927840752004,0.5841857893281726,0.16173624550732651,0.3231960188001107,0.40876416920099534,0.08418578932817253,0.5,0.10059433672137873,0.16449738119472984,0.0009885553841181953,-0.09579278199851925,0.20196539553027884,-0.2026362009695019,-0.04799789445387882,0.0339551121669864,-0.27691025058873525,0.12133634701314319
IE,0.5,0.5364286946025176,0.3803888601483014,0.25681151922745293,0.459346439041214,0.03642869460251772,0.18160458699775822,0.19175719951715808,0.16058803241938263,0.4200293153992067,0.4635713053974823,0.5,0.3439601655457838,0.2203828246249353,0.42291774443869634,0.0,0.14517589239524054,0.15532850491464037,0.12415933781686492,0.383600620796689,0.6196111398516986,0.6560398344542162,0.5,0.37642265907915157,0.5789575788929125,0.1560398344542163,0.3012157268494568,0.31136833936885666,0.2801991722710812,0.5396404552509052,0.7431884807725471,0.7796171753750647,0.6235773409208485,0.5,0.702534919813761,0.27961717537506475,0.42479306777030523,0.4349456802897051,0.40377651319192964,0.6632177961717538,0.540653560958786,0.5770822555613037,0.42104242110708745,0.29746508018623896,0.5,0.07708225556130373,0.22225814795654422,0.23241076047594408,0.20124159337816863,0.4606828763579927,0.9635713053974823,1.0,0.8439601655457838,0.7203828246249352,0.9229177444386962,0.5,0.6451758923952405,0.6553285049146403,0.624159337816865,0.883600620796689,0.8183954130022418,0.8548241076047595,0.6987842731505433,0.5752069322296948,0.7777418520434558,0.3548241076047595,0.5,0.5101526125193999,0.4789834454216244,0.7384247284014485,0.8082428004828419,0.8446714950853597,0.6886316606311432,0.565054319710295,0.767589239524056,0.3446714950853596,0.48984738748060014,0.5,0.46883083290222455,0.7282721158820487,0.8394119675806173,0.875840662183135,0.7198008277289188,0.5962234868080702,0.7987584066218313,0.37584066218313505,0.5210165545783756,0.5311691670977754,0.5,0.759441282979824,0.5799706846007934,0.616399379203311,0.4603595447490947,0.33678220382824625,0.5393171236420072,0.11639937920331099,0.2615752715985515,0.27172788411795135,0.24055871702017592,0.5,-0.05547550643743182,-0.06624435618235025,-0.020116721091542875,0.01641453073544963,-0.0434577250061205,0.08156288564198567,0.038646789173331496,0.035645529865724064,0.04485958710309212,-0.03183501380213752
IS,0.5,0.5515577612351805,0.28108629721532946,0.20140612076095948,0.3232699200441136,0.05155776123518065,0.09966914805624491,0.34312103666942373,0.22277364212848086,0.4043286462641301,0.4484422387648194,0.5,0.2295285359801489,0.14984835952577888,0.27171215880893307,0.0,0.048111386821064306,0.2915632754342432,0.17121588089330025,0.35277088502894954,0.7189137027846705,0.7704714640198511,0.5,0.4203198235456301,0.5421836228287841,0.2704714640198511,0.3185828508409154,0.5620347394540943,0.4416873449131513,0.6232423490488007,0.7985938792390406,0.850151640474221,0.57968017645437,0.5,0.6218637992831542,0.35015164047422115,0.3982630272952854,0.6417149159084642,0.5213675213675214,0.7029225255031707,0.6767300799558864,0.7282878411910669,0.45781637717121587,0.3781362007168459,0.5,0.22828784119106701,0.2763992280121313,0.5198511166253101,0.39950372208436724,0.5810587262200165,0.9484422387648194,1.0,0.7295285359801489,0.6498483595257789,0.771712158808933,0.5,0.5481113868210643,0.7915632754342432,0.6712158808933002,0.8527708850289495,0.9003308519437552,0.9518886131789356,0.6814171491590845,0.6017369727047146,0.7236007719878688,0.4518886131789357,0.5,0.7434518886131788,0.6231044940722359,0.8046594982078852,0.6568789633305763,0.7084367245657568,0.43796526054590573,0.35828508409153575,0.48014888337468986,0.20843672456575685,0.25654811138682115,0.5,0.3796526054590571,0.5612076095947064,0.7772263578715191,0.8287841191066998,0.5583126550868487,0.47863247863247865,0.6004962779156328,0.32878411910669975,0.37689550592776405,0.6203473945409429,0.5,0.6815550041356493,0.5956713537358698,0.6472291149710505,0.37675765095119934,0.29707747449682936,0.41894127377998347,0.14722911497105048,0.19534050179211476,0.43879239040529355,0.3184449958643507,0.5,-0.15404904159090071,-0.19334405015385042,0.012797144499912509,0.07352579409719842,-0.019353317051591813,0.18773347941250948,0.15106514254494405,-0.034482946017005585,0.05724042958581553,-0.08113263532703147
IT,0.5,0.5209195402298851,0.47802298850574715,0.38685057471264367,0.572712643678161,0.18540229885057471,0.38678160919540233,0.09657471264367819,0.07271264367816097,0.40609195402298853,0.479080459770115,0.5,0.45710344827586213,0.36593103448275865,0.5517931034482759,0.16448275862068967,0.36586206896551726,0.07565517241379315,0.05179310344827594,0.38517241379310346,0.5219770114942528,0.5428965517241379,0.5,0.4088275862068965,0.5946896551724138,0.20737931034482757,0.4087586206896552,0.11855172413793102,0.09468965517241382,0.4280689655172414,0.6131494252873563,0.6340689655172413,0.5911724137931035,0.5,0.6858620689655173,0.298551724137931,0.4999310344827586,0.2097241379310345,0.1858620689655173,0.5192413793103449,0.427287356321839,0.4482068965517241,0.4053103448275862,0.31413793103448273,0.5,0.11268965517241374,0.31406896551724134,0.023862068965517215,0.0,0.33337931034482754,0.8145977011494253,0.8355172413793103,0.7926206896551725,0.7014482758620689,0.8873103448275863,0.5,0.7013793103448276,0.4111724137931035,0.38731034482758625,0.7206896551724138,0.6132183908045977,0.6341379310344827,0.5912413793103448,0.5000689655172413,0.6859310344827586,0.2986206896551724,0.5,0.20979310344827587,0.18593103448275866,0.5193103448275862,0.9034252873563218,0.9243448275862068,0.8814482758620689,0.7902758620689656,0.9761379310344828,0.5888275862068966,0.7902068965517242,0.5,0.47613793103448276,0.8095172413793104,0.927287356321839,0.9482068965517241,0.9053103448275861,0.8141379310344828,1.0,0.6126896551724137,0.8140689655172414,0.5238620689655172,0.5,0.8333793103448276,0.5939080459770115,0.6148275862068965,0.5719310344827586,0.48075862068965514,0.6666206896551724,0.2793103448275862,0.4806896551724138,0.19048275862068967,0.16662068965517243,0.5,0.0542428471690081,0.06238338924364981,0.04569080516531861,0.010212354760891164,0.08253794011636163,-0.06817838172271894,0.010185517808996746,-0.10274437576273598,-0.11202996111820639,0.017699864339435236
LT,0.5,0.4736457877062345,0.49149510877500363,0.37760987005402247,0.6491823623886698,0.2306541100890642,0.34289677325156953,0.2216746970360638,0.14918236238866986,0.4549204263396116,0.5263542122937656,0.5,0.5178493210687691,0.40396408234778797,0.6755365746824353,0.2570083223828297,0.3692509855453351,0.24802890932982932,0.1755365746824354,0.4812746386333771,0.5085048912249963,0.48215067893123087,0.5,0.38611476127901884,0.6576872536136663,0.23915900131406057,0.3514016644765659,0.23017958826106016,0.15768725361366623,0.463425317564608,0.6223901299459774,0.596035917652212,0.6138852387209812,0.5,0.7715724923346474,0.3530442400350417,0.46528690319754706,0.3440648269820413,0.27157249233464736,0.5773105562855891,0.3508176376113301,0.3244634253175646,0.34231274638633374,0.2284275076653526,0.5,0.08147174770039432,0.19371441086289967,0.07249233464739394,0.0,0.3057380639509417,0.7693458899109358,0.7429916776171702,0.7608409986859395,0.6469557599649582,0.9185282522996058,0.5,0.6122426631625054,0.4910205869469996,0.41852825229960566,0.7242663162505474,0.6571032267484305,0.6307490144546649,0.648598335523434,0.5347130968024529,0.8062855891371004,0.38775733683749464,0.5,0.37877792378449426,0.3062855891371003,0.6120236530880421,0.7783253029639362,0.7519710906701706,0.7698204117389398,0.6559351730179587,0.9275076653526061,0.5089794130530004,0.6212220762155057,0.5,0.4275076653526061,0.7332457293035478,0.8508176376113301,0.8244634253175647,0.8423127463863338,0.7284275076653526,1.0,0.5814717477003943,0.6937144108628996,0.5724923346473939,0.5,0.8057380639509417,0.5450795736603884,0.518725361366623,0.5365746824353921,0.4226894437144109,0.6942619360490583,0.2757336837494526,0.387976346911958,0.2667542706964522,0.19426193604905828,0.5,0.006460474172962393,0.004924848706994047,0.005964905289900584,-0.0006710385519570824,0.015153135224780432,-0.009233958394046489,-0.002693725280677161,-0.009757177043116036,-0.013981210527067751,0.0038337464022270627
LV,0.5,0.5199944651999446,0.398989898989899,0.23004012730040138,0.5347308703473087,0.034730870347308714,0.16113186661131876,0.2586827175868272,0.14598035145980345,0.43593468935934687,0.4800055348000553,0.5,0.3789954337899544,0.2100456621004567,0.5147364051473641,0.014736405147364046,0.1411374014113741,0.23868825238688257,0.1259858862598588,0.41594022415940224,0.601010101010101,0.6210045662100457,0.5,0.33105022831050235,0.6357409713574097,0.1357409713574097,0.2621419676214197,0.3596928185969282,0.24699045246990445,0.5369447903694479,0.7699598726995986,0.7899543378995434,0.6689497716894977,0.5,0.8046907430469074,0.30469074304690735,0.4310917393109174,0.5286425902864259,0.41594022415940207,0.7058945620589454,0.4652691296526913,0.4852635948526359,0.3642590286425903,0.19530925695309265,0.5,0.0,0.12640099626401005,0.22395184723951853,0.11124948111249475,0.40120381901203817,0.9652691296526914,0.985263594852636,0.8642590286425903,0.6953092569530926,1.0,0.5,0.62640099626401,0.7239518472395186,0.6112494811124948,0.9012038190120382,0.8388681333886812,0.8588625985886258,0.7378580323785803,0.5689082606890826,0.87359900373599,0.37359900373599,0.5,0.5975508509755084,0.4848484848484847,0.7748028227480283,0.7413172824131729,0.7613117476131175,0.6403071814030717,0.47135740971357415,0.7760481527604814,0.2760481527604815,0.4024491490244915,0.5,0.3872976338729762,0.6772519717725196,0.8540196485401966,0.8740141137401413,0.7530095475300955,0.5840597758405979,0.8887505188875052,0.3887505188875052,0.5151515151515152,0.6127023661270238,0.5,0.7899543378995434,0.5640653106406531,0.5840597758405978,0.46305520963055213,0.2941054379410545,0.5987961809879617,0.09879618098796182,0.22519717725197186,0.32274802822748033,0.21004566210045658,0.5,-0.029358148816232436,-0.03265630431006768,-0.012696186805853675,0.015172656501916812,-0.03508712479514348,0.04738958715623137,0.026539310037764236,0.010447963164727224,0.029038604339321077,-0.018790356472663444
ME,0.5,0.5687219010918433,0.40673456280392695,0.37425451876318927,0.5385815212404808,0.06872190109184324,0.29621983668226437,0.1661620332140563,0.12088264978438391,0.4221488209927516,0.43127809890815677,0.5,0.3380126617120837,0.30553261767134604,0.46985962014863747,0.0,0.2274979355904211,0.09744013212221306,0.05216074869254067,0.35342691990090835,0.593265437196073,0.6619873382879163,0.5,0.4675199559592623,0.6318469584365538,0.16198733828791628,0.3894852738783374,0.25942747041012937,0.21414808698045695,0.5154142581888246,0.6257454812368106,0.694467382328654,0.5324800440407377,0.5,0.6643270024772915,0.194467382328654,0.4219653179190751,0.29190751445086704,0.24662813102119466,0.5478943022295624,0.46141847875951925,0.5301403798513625,0.3681530415634462,0.3356729975227085,0.5,0.03014037985136251,0.2576383154417836,0.12758051197357556,0.08230112854390319,0.38356729975227083,0.9312780989081567,1.0,0.8380126617120837,0.805532617671346,0.9698596201486376,0.5,0.7274979355904211,0.597440132122213,0.5521607486925406,0.8534269199009084,0.7037801633177356,0.7725020644095789,0.6105147261216626,0.5780346820809249,0.7423616845582163,0.27250206440957886,0.5,0.36994219653179194,0.32466281310211953,0.6259289843104873,0.8338379667859437,0.902559867877787,0.7405725295898706,0.7080924855491328,0.8724194880264245,0.4025598678777869,0.630057803468208,0.5,0.4547206165703276,0.7559867877786953,0.8791173502156161,0.9478392513074594,0.7858519130195429,0.7533718689788053,0.9176988714560969,0.44783925130745933,0.6753371868978805,0.5452793834296724,0.5,0.8012661712083676,0.5778511790072485,0.6465730800990916,0.48458574181117536,0.4521056977704377,0.6164327002477291,0.14657308009909165,0.3740710156895128,0.24401321222130473,0.19873382879163232,0.5,0.10447133622581702,0.1511648741379407,0.0411015347736491,0.019032759845889688,0.13068579909904532,-0.18856334328811827,-0.033988407035634,-0.12235701850484007,-0.15312238694226735,0.051574851688517956
NL,0.5,0.5496447705567202,0.30095504309340787,0.23421849522478452,0.33406126252038204,0.049644770556720244,0.22137782436524572,0.3654204518984393,0.1994525972513394,0.47766713254134635,0.4503552294432798,0.5,0.25131027253668764,0.18457372466806435,0.2844164919636618,0.0,0.1717330538085255,0.3157756813417191,0.1498078266946192,0.4280223619846262,0.6990449569065922,0.7486897274633123,0.5,0.4332634521313767,0.5331062194269741,0.24868972746331236,0.42042278127183785,0.5644654088050315,0.39849755415793153,0.6767120894479385,0.7657815047752154,0.8154262753319357,0.5667365478686234,0.5,0.5998427672955975,0.31542627533193573,0.48715932914046123,0.6312019566736548,0.46523410202655485,0.7434486373165619,0.665938737479618,0.7155835080363382,0.46689378057302583,0.4001572327044025,0.5,0.21558350803633822,0.38731656184486374,0.5313591893780573,0.36539133473095736,0.6436058700209644,0.9503552294432797,1.0,0.7513102725366876,0.6845737246680642,0.7844164919636618,0.5,0.6717330538085254,0.8157756813417191,0.6498078266946192,0.9280223619846262,0.7786221756347543,0.8282669461914746,0.5795772187281621,0.5128406708595388,0.6126834381551363,0.3282669461914745,0.5,0.6440426275331936,0.4780747728860937,0.7562893081761006,0.6345795481015607,0.6842243186582808,0.43553459119496857,0.3687980433263452,0.4686408106219427,0.18422431865828093,0.3559573724668064,0.5,0.33403214535290005,0.612246680642907,0.8005474027486607,0.8501921733053808,0.6015024458420685,0.5347658979734451,0.6346086652690426,0.3501921733053808,0.5219252271139063,0.6659678546471,0.5,0.778214535290007,0.5223328674586537,0.5719776380153738,0.3232879105520615,0.25655136268343814,0.3563941299790357,0.07197763801537385,0.24371069182389937,0.387753319357093,0.22178546470999305,0.5,-0.005320985069485204,-0.006815471445149857,0.0006709849387514906,0.002679995362812126,-0.000325631488891155,0.008236329166529565,0.003066545797808087,-0.0012696560206159825,0.003726574091576697,-0.0046486853333357675
NO,0.5,0.5819080197643482,0.26738882554161914,0.3917711896617256,0.36126947928544284,0.08190801976434822,0.17464842265298364,0.282497149372862,0.19602812618776133,0.44222729000380084,0.4180919802356518,0.5,0.18548080577727094,0.3098631698973774,0.2793614595210946,0.0,0.09274040288863541,0.20058912960851383,0.11412010642341311,0.36031927023945265,0.7326111744583809,0.8145191942227291,0.5,0.6243823641201065,0.5938806537438237,0.31451919422272906,0.4072595971113645,0.5151083238312429,0.42863930064614214,0.6748384644621817,0.6082288103382744,0.6901368301026226,0.37561763587989355,0.5,0.4694982896237172,0.1901368301026226,0.282877232991258,0.39072595971113644,0.3042569365260357,0.5504561003420751,0.6387305207145572,0.7206385404789054,0.40611934625617635,0.5305017103762828,0.5,0.2206385404789054,0.3133789433675408,0.42122767008741924,0.3347586469023185,0.5809578107183581,0.9180919802356518,1.0,0.6854808057772709,0.8098631698973774,0.7793614595210946,0.5,0.5927404028886354,0.7005891296085137,0.6141201064234131,0.8603192702394526,0.8253515773470164,0.9072595971113646,0.5927404028886355,0.717122767008742,0.6866210566324592,0.4072595971113646,0.5,0.6078487267198783,0.5213797035347777,0.7675788673508173,0.717502850627138,0.7994108703914862,0.4848916761687571,0.6092740402888636,0.5787723299125809,0.2994108703914862,0.3921512732801216,0.5,0.4135309768148993,0.6597301406309388,0.8039718738122387,0.8858798935765869,0.5713606993538578,0.6957430634739643,0.6652413530976815,0.3858798935765869,0.4786202964652223,0.5864690231851007,0.5,0.7461991638160395,0.5577727099961992,0.6396807297605475,0.3251615355378183,0.44954389965792474,0.41904218928164194,0.13968072976054735,0.23242113264918277,0.3402698593690612,0.25380083618396043,0.5,-0.029087405876966198,-0.04293625639668169,0.01024204432287543,-0.010788286686762115,-0.0056311161335966045,0.04160278239072297,0.02592241335679921,0.007687557974111205,0.022307574184019647,-0.019319307134521874
PL,0.5,0.5092592592592593,0.3941609073188021,0.3877813219918483,0.5327839801524011,0.18589402799929114,0.2459684564947723,0.03278398015240118,0.07996632996632995,0.38525606946659574,0.49074074074074076,0.5,0.3849016480595428,0.37852206273258904,0.523524720893142,0.17663476874003187,0.23670919723551304,0.023524720893141914,0.07070707070707069,0.3759968102073365,0.605839092681198,0.6150983519404571,0.5,0.49362041467304624,0.6386230728335991,0.29173312068048907,0.35180754917597024,0.1386230728335991,0.18580542264752786,0.4910951621477937,0.6122186780081517,0.621477937267411,0.5063795853269538,0.5,0.6450026581605529,0.29811270600744283,0.358187134502924,0.14500265816055288,0.19218500797448165,0.49747474747474746,0.4672160198475988,0.4764752791068581,0.3613769271664009,0.3549973418394471,0.5,0.15311004784688997,0.21318447634237112,0.0,0.04718234981392877,0.3524720893141946,0.8141059720007089,0.8233652312599681,0.7082668793195108,0.7018872939925572,0.84688995215311,0.5,0.5600744284954812,0.34688995215311,0.3940723019670388,0.6993620414673046,0.7540315435052277,0.763290802764487,0.6481924508240298,0.6418128654970761,0.7868155236576289,0.43992557150451883,0.5,0.28681552365762886,0.3339978734715576,0.6392876129718235,0.9672160198475988,0.976475279106858,0.861376927166401,0.8549973418394471,1.0,0.6531100478468901,0.7131844763423711,0.5,0.5471823498139288,0.8524720893141946,0.9200336700336701,0.9292929292929294,0.8141945773524721,0.8078149920255183,0.9528176501860711,0.6059276980329612,0.6660021265284424,0.45281765018607123,0.5,0.8052897395002657,0.6147439305334043,0.6240031897926634,0.5089048378522063,0.5025252525252525,0.6475279106858054,0.30063795853269537,0.36071238702817654,0.14752791068580542,0.1947102604997342,0.5,-0.02192027233212316,-0.023082635177156335,-0.00863374201258132,-0.007832879573898175,-0.026035815419800414,0.017511079683595422,0.009969625052662499,0.036731778211990834,0.030808733092563417,-0.0075158715252527635
PT,0.5,0.5564594463331715,0.38732394366197187,0.215395823215153,0.44208353569694026,0.05645944633317146,0.29577464788732394,0.36813987372510926,0.17144244779018947,0.4646673142302088,0.44354055366682854,0.5,0.3308644973288004,0.1589363768819816,0.38562408936376885,0.0,0.23931520155415248,0.3116804273919378,0.11498300145701801,0.40820786789703745,0.6126760563380281,0.6691355026711996,0.5,0.3280718795531811,0.5547595920349684,0.16913550267119962,0.4084507042253521,0.4808159300631374,0.2841185041282176,0.577343370568237,0.784604176784847,0.8410636231180184,0.6719281204468189,0.5,0.7266877124817873,0.34106362311801847,0.580378824672171,0.6527440505099562,0.4560466245750365,0.7492714910150559,0.5579164643030596,0.6143759106362311,0.44524040796503156,0.27331228751821274,0.5,0.11437591063623119,0.3536911121903837,0.426056338028169,0.22935891209324918,0.5225837785332685,0.9435405536668287,1.0,0.8308644973288004,0.6589363768819816,0.8856240893637689,0.5,0.7393152015541525,0.8116804273919378,0.614983001457018,0.9082078678970373,0.704225352112676,0.7606847984458475,0.5915492957746479,0.41962117532782905,0.6463088878096164,0.2606847984458475,0.5,0.5723652258377853,0.37566779990286553,0.6688926663428848,0.6318601262748907,0.6883195726080622,0.5191840699368626,0.34725594949004374,0.5739436619718311,0.1883195726080622,0.4276347741622147,0.5,0.3033025740650802,0.5965274405050995,0.8285575522098105,0.885016998542982,0.7158814958717824,0.5439533754249635,0.7706410879067508,0.385016998542982,0.6243322000971345,0.6966974259349198,0.5,0.7932248664400194,0.5353326857697912,0.5917921321029626,0.422656629431763,0.25072850898494414,0.47741622146673146,0.09179213210296262,0.3311073336571151,0.4034725594949004,0.20677513355998062,0.5,-0.062055360416355405,-0.08477284002083127,-0.01671811079710032,0.05246027870814237,-0.038751623273699506,0.11641120516461319,0.020118404518544443,-0.008999053211063333,0.0701457144432397,-0.04783861511548985
RS,0.5,0.5600762160950459,0.43070499887917507,0.3504259134723156,0.5501569154898004,0.06007621609504597,0.3052006276619592,0.16498542927594712,0.10101434655906757,0.3735429275947097,0.43992378390495407,0.5,0.3706287827841291,0.2903496973772696,0.4900806993947545,0.0,0.24512441156691325,0.10490921318090114,0.040938130464021595,0.31346671149966376,0.569295001120825,0.6293712172158709,0.5,0.41972091459314054,0.6194519166106254,0.1293712172158709,0.37449562878278414,0.23428043039677204,0.1703093476798925,0.4428379287155346,0.6495740865276844,0.7096503026227303,0.5802790854068595,0.5,0.6997310020174848,0.20965030262273038,0.4547747141896436,0.3145595158036315,0.25058843308675194,0.5231170141223941,0.4498430845101995,0.5099193006052455,0.38054808338937457,0.3002689979825151,0.5,0.009919300605245488,0.2550437121721587,0.11482851378614663,0.05085743106926709,0.3233860121049092,0.9399237839049541,1.0,0.8706287827841291,0.7903496973772697,0.9900806993947545,0.5,0.7451244115669132,0.6049092131809012,0.5409381304640216,0.8134667114996638,0.6947993723380408,0.7548755884330868,0.6255043712172159,0.5452252858103565,0.7449562878278413,0.2548755884330868,0.5,0.3597848016139879,0.2958137188971084,0.5683422999327504,0.8350145707240529,0.8950907868190988,0.765719569603228,0.6854404841963685,0.8851714862138533,0.39509078681909887,0.640215198386012,0.5,0.43602891728312043,0.7085574983187627,0.8989856534409325,0.9590618695359784,0.8296906523201075,0.7494115669132481,0.9491425689307329,0.4590618695359784,0.7041862811028916,0.5639710827168796,0.5,0.7725285810356421,0.6264570724052902,0.6865332885003362,0.5571620712844653,0.4768829858776059,0.6766139878950908,0.18653328850033626,0.4316577000672495,0.2914425016812374,0.22747141896435788,0.5,0.12039119409851172,0.16548767367417241,0.0683745924237874,0.008112738886349016,0.158041706430803,-0.20983955652549616,-0.025835823630029876,-0.13108898771426777,-0.17910916629226836,0.025465628648438623
SE,0.5,0.5397501419647927,0.2891538898353208,0.22143668370244182,0.2903463940942646,0.039750141964792776,0.09119818285065305,0.3301249290176037,0.1545712663259512,0.4422203293583191,0.4602498580352073,0.5,0.24940374787052816,0.1816865417376491,0.2505962521294719,0.0,0.05144804088586034,0.290374787052811,0.11482112436115847,0.4024701873935264,0.7108461101646791,0.7505962521294719,0.5,0.43228279386712093,0.5011925042589437,0.2505962521294719,0.3020442930153322,0.5409710391822828,0.36541737649063033,0.6530664395229983,0.7785633162975582,0.8183134582623509,0.567717206132879,0.5,0.5689097103918228,0.31831345826235097,0.36976149914821127,0.608688245315162,0.4331345826235094,0.7207836456558773,0.7096536059057353,0.7494037478705281,0.4988074957410563,0.4310902896081772,0.5,0.24940374787052816,0.3008517887563884,0.539778534923339,0.3642248722316866,0.6518739352640545,0.9602498580352072,1.0,0.7494037478705281,0.6816865417376491,0.7505962521294719,0.5,0.5514480408858603,0.790374787052811,0.6148211243611584,0.9024701873935264,0.9088018171493469,0.9485519591141397,0.6979557069846679,0.6302385008517888,0.6991482112436116,0.4485519591141397,0.5,0.7389267461669506,0.5633730834752981,0.851022146507666,0.6698750709823963,0.7096252129471889,0.45902896081771716,0.39131175468483814,0.46022146507666095,0.20962521294718908,0.26107325383304936,0.5,0.3244463373083475,0.6120954003407155,0.8454287336740488,0.8851788756388416,0.6345826235093698,0.5668654173764907,0.6357751277683135,0.38517887563884157,0.43662691652470187,0.6755536626916525,0.5,0.7876490630323679,0.5577796706416809,0.5975298126064736,0.34693356047700175,0.2792163543441227,0.3481260647359455,0.09752981260647364,0.14897785349233392,0.3879045996592846,0.21235093696763205,0.5,-0.029273684596783606,-0.034810976482735664,9.769364970215265e-05,0.009530865898270499,-6.842510687640567e-05,0.03484024502556142,0.02767340724174346,-0.0056096722013184485,0.018845381892139877,-0.02122483531970327
SI,0.5,0.4825411410909698,0.4066076351182024,0.27403725670370066,0.47953387352769195,0.0,0.3171414251106842,0.28957480578063655,0.13181856152368232,0.43191880377579145,0.5174588589090302,0.5,0.4240664940272325,0.2914961156127308,0.49699273243672204,0.01745885890903018,0.33460028401971437,0.3070336646896667,0.1492774204327125,0.44937766268482165,0.5933923648817976,0.5759335059727675,0.5,0.3674296215854983,0.5729262384094895,0.09339236488179767,0.41053378999248186,0.3829671706624342,0.22521092640548,0.5253111686575891,0.7259627432962994,0.7085038843872692,0.6325703784145017,0.5,0.7054966168239913,0.22596274329629937,0.5431041684069835,0.5155375490769358,0.3577813048199817,0.6578815470720909,0.520466126472308,0.503007267563278,0.42707376159051047,0.2945033831760087,0.5,0.020466126472308117,0.33760755158299227,0.31004093225294455,0.15228468799599043,0.4523849302480995,1.0,0.9825411410909698,0.9066076351182023,0.7740372567037007,0.979533873527692,0.5,0.8171414251106842,0.7895748057806364,0.6318185615236823,0.9319188037757914,0.6828585748893158,0.6653997159802856,0.5894662100075182,0.45689583159301644,0.6623924484170077,0.18285857488931584,0.5,0.47243338066995233,0.31467713641299816,0.6147773786651073,0.7104251942193636,0.6929663353103334,0.6170328293375659,0.4844624509230641,0.6899590677470555,0.2104251942193635,0.5275666193300477,0.5,0.34224375574304583,0.642343997995155,0.8681814384763177,0.8507225795672875,0.77478907359452,0.6422186951800183,0.8477153120040095,0.3681814384763177,0.6853228635870019,0.6577562442569542,0.5,0.8001002422521092,0.5680811962242085,0.5506223373151784,0.47468883134241086,0.34211845292790916,0.5476150697519004,0.06808119622420854,0.3852226213348927,0.35765600200484504,0.19989975774789084,0.5,0.08504421284580821,0.07624203363282651,0.03795887140985834,-0.028878728642782497,0.07472586879231292,-0.16703924973458353,-0.007147032595421003,-0.021045210300128972,-0.10058069089207104,0.050719925484181055
SK,0.5,0.46756152125279643,0.43064876957494413,0.3881431767337808,0.5782997762863534,0.14504101416853096,0.23340790454884414,0.1605145413870247,0.07829977628635346,0.4552572706935124,0.5324384787472035,0.5,0.4630872483221477,0.4205816554809843,0.610738255033557,0.17747949291573453,0.2658463832960477,0.19295302013422824,0.11073825503355703,0.487695749440716,0.5693512304250559,0.5369127516778524,0.5,0.45749440715883666,0.6476510067114093,0.21439224459358683,0.3027591349739,0.22986577181208057,0.14765100671140935,0.5246085011185683,0.6118568232662193,0.5794183445190156,0.5425055928411634,0.5,0.6901565995525727,0.2568978374347502,0.34526472781506334,0.2723713646532439,0.1901565995525727,0.5671140939597317,0.4217002237136465,0.389261744966443,0.35234899328859065,0.3098434004474273,0.5,0.06674123788217749,0.15510812826249068,0.08221476510067123,0.0,0.3769574944071589,0.854958985831469,0.8225205070842654,0.7856077554064133,0.7431021625652499,0.9332587621178225,0.5,0.5883668903803132,0.5154735272184937,0.4332587621178225,0.8102162565249813,0.7665920954511558,0.7341536167039523,0.6972408650260999,0.6547352721849367,0.8448918717375092,0.4116331096196868,0.5,0.42710663683818056,0.34489187173750935,0.7218493661446682,0.8394854586129753,0.8070469798657718,0.7701342281879193,0.727628635346756,0.9177852348993287,0.4845264727815063,0.5728933631618195,0.5,0.4177852348993288,0.7947427293064878,0.9217002237136466,0.889261744966443,0.8523489932885907,0.8098434004474273,1.0,0.5667412378821775,0.6551081282624907,0.5822147651006713,0.5,0.8769574944071589,0.5447427293064876,0.5123042505592841,0.47539149888143173,0.4328859060402684,0.623042505592841,0.18978374347501858,0.27815063385533173,0.2052572706935123,0.12304250559284108,0.5,0.14631398010820496,0.11594462243335388,0.08138638783783371,0.04159205709147708,0.21961932621991448,-0.18600358893154487,-0.10327326974832984,-0.17151705624756408,-0.24848766966485913,0.1044252109015139
