p,Dist_p,Dist_inf,Diff
1.01,0.004345734551909487,0.7112467152997279,0.7069009807478185
1.02,0.0061792770438170615,0.6921695180233626,0.6859902409795455
1.03,0.010832631824609137,0.6711559937436873,0.6603233619190781
1.04,0.02204500232339209,0.6449218741582321,0.62287687183484
1.05,0.03820440710557184,0.6155696359995108,0.5773652288939389
1.06,0.054378555311552834,0.5880309011879256,0.5336523458763727
1.07,0.07029277374310011,0.5629391206282651,0.492646346885165
1.08,0.08259794767133789,0.5447845905094209,0.462186642838083
1.09,0.09417794692120934,0.5278165394283302,0.43363859250712083
1.1,0.10400802568790465,0.5117965776562926,0.4077885519683879
1.11,0.11247078777547811,0.4953500423144917,0.3828792545390136
1.12,0.120563937343348,0.4808581346335554,0.3602941972902074
1.1300000000000001,0.1270883035559532,0.46744850610810806,0.3403602025521548
1.1400000000000001,0.13348433977202853,0.4549393085587987,0.32145496878677016
1.1500000000000001,0.138937223430937,0.4432559458497341,0.3043187224187971
1.1600000000000001,0.14339903374204963,0.43225553939422623,0.2888565056521766
1.1700000000000002,0.14851759011932805,0.420904807208554,0.272387217089226
1.1800000000000002,0.15343476537641476,0.40977486655043777,0.256340101174023
1.1900000000000002,0.15727716069393596,0.3995179651811469,0.24224080448721094
1.2000000000000002,0.16084074441614435,0.3896051022958786,0.22876435787973423
1.2100000000000002,0.16365074011470984,0.38041640873745347,0.21676566862274363
1.2200000000000002,0.1666271580913319,0.37117483453581224,0.20454767644448033
1.2300000000000002,0.16869134001391342,0.36281020043968,0.19411886042576657
1.2400000000000002,0.17093784574681906,0.3543862532718249,0.18344840752500582
1.2500000000000002,0.17199878733828391,0.3471427339455793,0.1751439466072954
1.2600000000000002,0.17312663934086744,0.3399850264988015,0.16685838715793408
1.2700000000000002,0.1742114996708464,0.33292599453784977,0.15871449486700337
1.2800000000000002,0.1749633287437394,0.3263430777120867,0.1513797489683473
1.2900000000000003,0.17536554822316325,0.32013381911513544,0.1447682708919722
1.3000000000000003,0.1761162289460518,0.31365581175559254,0.13753958280954073
1.3100000000000003,0.17640322957897286,0.3077410575590952,0.13133782798012233
1.3200000000000003,0.1770443316516299,0.30156550741591365,0.12452117576428376
1.3300000000000003,0.1774257485548777,0.29577605085968744,0.11835030230480975
1.3400000000000003,0.17749279471849597,0.2904087608158403,0.11291596609734436
1.3500000000000003,0.17749969731099444,0.28522461596609955,0.10772491865510511
1.3600000000000003,0.17801131775444834,0.27963573617432613,0.1016244184198778
1.3700000000000003,0.1777806190781195,0.2749340811048799,0.09715346202676037
1.3800000000000003,0.1775368118501997,0.2703686659980756,0.09283185414787587
1.3900000000000003,0.17759324950841945,0.26558236721933204,0.08798911771091258
1.4000000000000004,0.1774984282867667,0.2610657752564816,0.0835673469697149
1.4100000000000004,0.1771563169463767,0.2568814706067482,0.0797251536603715
1.4200000000000004,0.1768090269111174,0.2527953206204401,0.07598629370932267
1.4300000000000004,0.1764597449139081,0.24880627763093832,0.07234653271703023
1.4400000000000004,0.17629134334063298,0.24473104670905008,0.06843970336841709
1.4500000000000004,0.17583774360925622,0.2410276687822493,0.06518992517299307
1.4600000000000004,0.17562374345927093,0.23704692590399376,0.061423182444722835
1.4700000000000004,0.17511761509822063,0.2335831305617358,0.058465515463515166
1.4800000000000004,0.17462933778895143,0.2301923403353288,0.05556300254637736
1.4900000000000004,0.1743945933778981,0.22664366025798732,0.052249066880089234
1.5000000000000004,0.17391371558471608,0.22342152106446894,0.049507805479752864
1.5100000000000005,0.1734103688425547,0.2203207452051401,0.04691037636258541
1.5200000000000005,0.1729144325577167,0.21730539594694895,0.044390963389232235
1.5300000000000005,0.17245153688466425,0.2143340123211705,0.04188247543650625
1.5400000000000005,0.17201133435498478,0.2114173536253266,0.03940601927034182
1.5500000000000005,0.17192001529678896,0.20812246701209233,0.03620245171530337
1.5600000000000005,0.17136525992391322,0.20546683229754525,0.03410157237363204
1.5700000000000005,0.17083526080890263,0.20288724517085258,0.03205198436194995
1.5800000000000005,0.17034699323233898,0.20032848474051343,0.029981491508174446
1.5900000000000005,0.16989698986325494,0.1977916453999031,0.02789465553664816
1.6000000000000005,0.16946994614176494,0.19529630015216734,0.025826354010402397
1.6100000000000005,0.16905936982051017,0.1928489589671695,0.023789589146659323
1.6200000000000006,0.16866167512929003,0.1904523495163387,0.021790674387048653
1.6300000000000006,0.16844065707599548,0.18795022816637041,0.019509571090374933
1.6400000000000006,0.16804207461200435,0.18567743911511134,0.017635364503106987
1.6500000000000006,0.16765361883791804,0.18345445174119804,0.015800832903279993
1.6600000000000006,0.1672747671268741,0.18128068667445305,0.014005919547578932
1.6700000000000006,0.1669001051482811,0.17915770815628984,0.012257603008008738
1.6800000000000006,0.1666764858793344,0.17684774801326797,0.010171262133933573
1.6900000000000006,0.16629767958441635,0.1748484424615939,0.008550762877177542
1.7000000000000006,0.16593263217753734,0.17289084720697462,0.006958215029437276
1.7100000000000006,0.1655781113305663,0.17097542995469006,0.005397318624123765
1.7200000000000006,0.16538619421851036,0.16896017481734427,0.0035739805988339035
1.7300000000000006,0.16502891229675987,0.16714668964167306,0.0021177773449131965
1.7400000000000007,0.16468131985781212,0.165371671703382,0.0006903518455698698
1.7500000000000007,0.16434281758337882,0.1636344279025153,0.0007083896808635082
1.7600000000000007,0.1640128969177544,0.161934240106912,0.0020786568108424053
1.7700000000000007,0.16369111402310743,0.1602703834919237,0.003420730531183719
1.7800000000000007,0.16337707443945226,0.15864212425029914,0.004734950189153125
1.7900000000000007,0.16307042325925716,0.1570487233578598,0.006021699901397365
1.8000000000000007,0.16290202332641351,0.15530431531142128,0.007597708014992238
1.8100000000000007,0.1625905329659979,0.15380542794065985,0.008785105025338052
1.8200000000000007,0.16244005357196536,0.15220011850100937,0.010239935070955997
1.8300000000000007,0.16212145870689793,0.15078167267136788,0.011339786035530042
1.8400000000000007,0.1618130250744533,0.14938958355018736,0.012423441524265944
1.8500000000000008,0.16151432764802548,0.1480234111938396,0.013490916454185875
1.8600000000000008,0.16122495243586304,0.14668272541441502,0.014542227021448029
1.8700000000000008,0.16094449579404216,0.1453671054950875,0.015577390298954663
1.8800000000000008,0.16067256381202388,0.14407613991361312,0.01659642389841076
1.8900000000000008,0.16040877176179028,0.1428094260754396,0.017599345686350687
1.9000000000000008,0.16015274360295262,0.14156657005759354,0.018586173545359075
1.9100000000000008,0.1599041115373299,0.1403471863642033,0.0195569251731266
1.9200000000000008,0.15976681939919815,0.13901174798161212,0.020755071417586035
1.9300000000000008,0.15964242450602464,0.1377555383643828,0.02188688614164183
1.9400000000000008,0.1593571748222001,0.13666356049289835,0.022693614329301753
1.9500000000000008,0.15908650124798535,0.13558431345735586,0.023502187790629486
1.9600000000000009,0.15883012296413124,0.13451750828130704,0.024312614682824196
1.9700000000000009,0.15858776510081188,0.13346286585704167,0.025124899243770205
1.9800000000000009,0.1583591584988688,0.13242011638823978,0.02593904211062903
1.9900000000000009,0.15814404335573842,0.13138899877184548,0.02675504458389294
2.000000000000001,0.15794216739601813,0.1303692598255434,0.02757290757047473
2.0100000000000007,0.15774887277428093,0.1293650477778098,0.02838382499647113
2.020000000000001,0.157559640390153,0.12838029940955964,0.029179340980593355
2.030000000000001,0.1573744463834749,0.12741446167919626,0.02995998470427863
2.040000000000001,0.157193243861111,0.12646701633696097,0.030726227524150024
2.0500000000000007,0.15701600259075324,0.12553745817293868,0.03147854441781456
2.060000000000001,0.15684267042740893,0.12462530774976258,0.032217362677646355
2.070000000000001,0.15667320862344403,0.12373009764589477,0.03294311097754926
2.080000000000001,0.1565075813440081,0.12285137383803857,0.03365620750596954
2.0900000000000007,0.15634572243565137,0.12198872247220673,0.03435699996344464
2.100000000000001,0.15618761315785643,0.12114169543095704,0.035045917726899384
2.110000000000001,0.15603317916226914,0.12030991165815244,0.035723267504116696
2.120000000000001,0.15588237941793778,0.11949297487226947,0.036389404545668316
2.130000000000001,0.1557351566835167,0.11869051029090015,0.03704464639261655
2.140000000000001,0.15559147637249227,0.11790214696690286,0.0376893294055894
2.1500000000000012,0.15545125781341343,0.11712753829114383,0.038323719522269595
2.160000000000001,0.15531447329809148,0.11636633642200868,0.0389481368760828
2.170000000000001,0.15518105744195537,0.11561821652886257,0.0395628409130928
2.180000000000001,0.15505095471015212,0.11488285644264172,0.0401680982675104
2.1900000000000013,0.15492411315214139,0.11415995140706292,0.040764161745078464
2.200000000000001,0.154800476003195,0.11344920212601912,0.04135127387717587
2.210000000000001,0.15467999056633347,0.1127503256453462,0.041929664920987264
2.220000000000001,0.15456259550057477,0.11206303707775708,0.04249955842281769
2.2300000000000013,0.15444823950188857,0.11138705892111943,0.043061180580769146
2.240000000000001,0.15433686604509642,0.11072212789441288,0.043614738150683535
2.250000000000001,0.15422841067792928,0.11006799533677254,0.044160415341156736
2.260000000000001,0.1541228402554435,0.10942441548791354,0.04469842476752997
2.2700000000000014,0.15402007845049345,0.10879117781438595,0.0452289006361075
2.280000000000001,0.1539200877402997,0.10816805302720986,0.045752034713089834
2.290000000000001,0.1538227954095441,0.1075548332937997,0.04626796211574441
2.300000000000001,0.15372816752153567,0.10695130124064399,0.046776866280891685
2.3100000000000014,0.15363613033436072,0.10635725608234409,0.04727887425201663
2.320000000000001,0.1535466542243923,0.10577249184862199,0.0477741623757703
2.330000000000001,0.15345966399247996,0.10519682246432495,0.04826284152815501
2.340000000000001,0.15337512337120918,0.10463005380969488,0.048745069561514295
2.3500000000000014,0.15329297571699696,0.10407199612483586,0.049220979592161096
2.360000000000001,0.1532131669815734,0.10352247708349273,0.04969068989808066
2.370000000000001,0.1531356484330548,0.10298132039366074,0.050154328039394055
2.3800000000000012,0.15306036676611434,0.10244836144080423,0.050612005325310114
2.3900000000000015,0.1529872859171627,0.10192341862681215,0.05106386729035056
2.4000000000000012,0.152916340863367,0.10140634678850437,0.05150999407486263
2.410000000000001,0.15284751303066793,0.1008969666338295,0.05195054639683844
2.4200000000000013,0.15278072312978813,0.10039514212487362,0.052385581004914514
2.4300000000000015,0.15271593143801898,0.09990072017333951,0.052815211264679474
2.4400000000000013,0.15265310793723713,0.09941354639351208,0.053239561543725056
2.450000000000001,0.1525922016927943,0.09893348072742689,0.05365872096536742
2.4600000000000013,0.15253316031782635,0.09846038458476691,0.054072775733059436
2.4700000000000015,0.15247595186515947,0.09799411867756719,0.05448183318759228
2.4800000000000013,0.15242052799309136,0.09753455063913287,0.05488597735395849
2.490000000000001,0.1523668493395643,0.09708154616507951,0.05528530317448478
2.5000000000000013,0.15231487367164862,0.09663498618343457,0.05567988748821405
2.5100000000000016,0.15226456930426968,0.09619473231634516,0.05606983698792452
2.5200000000000014,0.15221588370708886,0.0957606784238612,0.05645520528322766
2.530000000000001,0.152168786584349,0.09533269284786597,0.05683609373648302
2.5400000000000014,0.15212323698132402,0.09491066449743299,0.05721257248389103
2.5500000000000016,0.1520792062585802,0.09449447346457122,0.05758473279400898
2.5600000000000014,0.152036650244381,0.09408401594567273,0.05795263429870828
2.570000000000001,0.1519955362167305,0.09367917935492279,0.05831635686180772
2.5800000000000014,0.1519558330480085,0.0932798507853448,0.0586759822626637
2.5900000000000016,0.15191750535044204,0.09288593209433058,0.05903157325611147
2.6000000000000014,0.1518805114674297,0.09249731956906909,0.05938319189836061
2.610000000000001,0.15184482976689564,0.09211390861068841,0.059730921156207234
2.6200000000000014,0.15181042711294895,0.09173560782676612,0.06007481928618283
2.6300000000000017,0.15177727390020165,0.09136231202581155,0.060414961874390105
2.6400000000000015,0.15174532511209857,0.0909939402025001,0.06075138490959847
2.6500000000000012,0.1517145332608423,0.09063040772889451,0.061084125531947794
2.6600000000000015,0.15168487410716816,0.09027161983206927,0.06141325427509889
2.6700000000000017,0.1516563226981161,0.0899174865101772,0.061738836187938906
2.6800000000000015,0.15162885819794528,0.08956791856041446,0.062060939637530815
2.6900000000000013,0.15160246259435967,0.0892228254764255,0.062379637117934164
2.7000000000000015,0.15157710081599282,0.08888212942628125,0.06269497138971157
2.7100000000000017,0.1515527571606476,0.08854574269155145,0.06300701446909614
2.7200000000000015,0.1515294013532645,0.08821358860671763,0.06331581274654688
2.7300000000000013,0.15150702838797012,0.08788557915648657,0.06362144923148355
2.7400000000000015,0.15148559141630782,0.08756164924573318,0.06392394217057465
2.7500000000000018,0.15146507995910513,0.08724171688253997,0.06422336307656516
2.7600000000000016,0.15144548127558044,0.08692570769358472,0.06451977358199572
2.7700000000000014,0.15142676919376744,0.08661355290570054,0.0648132162880669
2.7800000000000016,0.15140891112207663,0.0863051967394042,0.06510371438267243
2.790000000000002,0.15139190623343013,0.08600055798724164,0.06539134824618849
2.8000000000000016,0.15137571960034057,0.08569958292444542,0.06567613667589516
2.8100000000000014,0.15136034176116836,0.08540220132777056,0.0659581404333978
2.8200000000000016,0.15134575065340802,0.0851083497280217,0.06623740092538632
2.830000000000002,0.15133193099588818,0.08481796490117965,0.06651396609470853
2.8400000000000016,0.1513188631028292,0.08453098759305822,0.06678787550977097
2.8500000000000014,0.15130653105728722,0.08424735487971258,0.06705917617757465
2.8600000000000017,0.15129491565765457,0.08396700793456585,0.06732790772308872
2.870000000000002,0.15128400208025775,0.08368989273752787,0.06759410934272987
2.8800000000000017,0.15127377638785686,0.0834159439141988,0.06785783247365805
2.8900000000000015,0.15126422161580433,0.08314510798710413,0.0681191136287002
2.9000000000000017,0.1512553184203017,0.0828773316859432,0.0683779867343585
2.910000000000002,0.15124706407771557,0.0826125530617835,0.06863451101593207
2.9200000000000017,0.151239427506504,0.0823507297607019,0.06888869774580209
2.9300000000000015,0.1512324041210241,0.08209180228734514,0.06914060183367896
2.9400000000000017,0.15122598339012638,0.08183571480795507,0.06939026858217132
2.950000000000002,0.1512201527440879,0.08158241710232948,0.06963773564175842
2.9600000000000017,0.15121487431316155,0.08133187473140778,0.06988299958175377
2.9700000000000015,0.15121017043997176,0.08108401797019095,0.07012615246978081
2.9800000000000018,0.15120601086297036,0.08083880569327714,0.07036720516969322
2.990000000000002,0.1512023898070273,0.08059618895803378,0.07060620084899352
3.0000000000000018,0.15119928913786487,0.08035612548282542,0.07084316365503945
3.0100000000000016,0.15119669708897912,0.08011856687530478,0.07107813021367435
3.020000000000002,0.15119460959384023,0.07988346748128367,0.07131114211255657
3.030000000000002,0.1511930085170732,0.07965078981610639,0.07154221870096682
3.040000000000002,0.15119188962324331,0.0794204839693696,0.07177140565387372
3.0500000000000016,0.15119123651534558,0.07919251545064553,0.07199872106470005
3.060000000000002,0.1511910419578524,0.0789668362705124,0.07222420568734
3.070000000000002,0.15119129873016113,0.07874340678934454,0.07244789194081659
3.080000000000002,0.15119199285414467,0.07852218483445693,0.07266980801968774
3.0900000000000016,0.15119311621514467,0.07830313355461553,0.07288998266052914
3.100000000000002,0.1511946616307181,0.07808621010637698,0.07310845152434112
3.110000000000002,0.1511966159314447,0.07787138148099428,0.07332523445045043
3.120000000000002,0.15119897411425826,0.07765860444233443,0.07354036967192383
3.1300000000000017,0.1512017254534287,0.07744784330754471,0.07375388214588398
3.140000000000002,0.15120486197464583,0.0772390638429979,0.07396579813164793
3.150000000000002,0.15120837433622933,0.07703222797689784,0.0741761463593315
3.160000000000002,0.15121224980597353,0.07682730433537821,0.07438494547059532
3.1700000000000017,0.1512164891863867,0.07662425195209512,0.07459223723429158
3.180000000000002,0.15122108080591498,0.07642303990248632,0.07479804090342866
3.190000000000002,0.15122601320595355,0.07622363666287284,0.07500237654308071
3.200000000000002,0.15123128090887208,0.07602601095837222,0.07520526995049986
3.2100000000000017,0.15123687881665068,0.07583012542293972,0.07540675339371096
3.220000000000002,0.15124280036639517,0.07563594904594673,0.07560685132044845
3.230000000000002,0.15124902986861175,0.07544345836876673,0.07580557149984501
3.240000000000002,0.15125556928120532,0.07525261489127649,0.07600295438992882
3.2500000000000018,0.15126240779853267,0.07506339257067125,0.07619901522786142
3.260000000000002,0.15126953960694853,0.07487576159719556,0.07639377800975297
3.2700000000000022,0.1512769564330603,0.07468969412265593,0.07658726231040437
3.280000000000002,0.15128465163926783,0.07450516160408303,0.07677949003518479
3.290000000000002,0.1512926222349851,0.07432213633374447,0.07697048590124063
3.300000000000002,0.15130086022958356,0.07414059068255359,0.07716026954702997
3.3100000000000023,0.1513093576602281,0.07396050059655992,0.07734885706366817
3.320000000000002,0.15131810980027988,0.07378183794573138,0.07753627185454849
3.330000000000002,0.1513271061593834,0.07360458410506761,0.0777225220543158
3.340000000000002,0.1513363508468308,0.07342870285168193,0.07790764799514888
3.3500000000000023,0.15134582720377643,0.07325417944181704,0.07809164776195938
3.360000000000002,0.15135553442996685,0.07308098727207589,0.07827454715789096
3.370000000000002,0.15136546966755132,0.07290909901367965,0.07845637065387168
3.380000000000002,0.15137562293436338,0.07273849682716449,0.07863712610719889
3.3900000000000023,0.15138599085475626,0.07256915648008293,0.07881683437467334
3.400000000000002,0.15139657370839268,0.07240104974623982,0.07899552396215287
3.410000000000002,0.15140735310484899,0.07223416999557676,0.07917318310927222
3.420000000000002,0.15141833414467903,0.07206848463902951,0.07934984950564952
3.4300000000000024,0.1514295091694701,0.07190397616677802,0.07952553300269208
3.440000000000002,0.15144087361748473,0.07174062435049389,0.07970024926699085
3.450000000000002,0.1514524214844611,0.07157841025848687,0.07987401122597425
3.460000000000002,0.1514641498550107,0.07141731390882684,0.08004683594618385
3.4700000000000024,0.1514760543840087,0.07125731500320712,0.0802187393808016
3.480000000000002,0.15148812850462803,0.07109839784003323,0.0803897306645948
3.490000000000002,0.1515003681596909,0.07094054418922191,0.08055982397046899
3.500000000000002,0.1515127696050046,0.07078373537522861,0.08072903422977598
3.5100000000000025,0.15152533137036542,0.0706279507987802,0.08089738057158521
3.5200000000000022,0.1515380444836648,0.07047317968512433,0.08106486479854048
3.530000000000002,0.1515509028499692,0.07031940732662317,0.08123149552334602
3.5400000000000023,0.15156391485337292,0.07016660335419606,0.08139731149917687
3.5500000000000025,0.15157706579378274,0.07001476366722066,0.08156230212656208
3.5600000000000023,0.1515903496404773,0.06986387670260276,0.08172647293787454
3.570000000000002,0.15160377213338372,0.06971391573488013,0.08188985639850359
3.5800000000000023,0.15161731535665515,0.06956488226331445,0.0820524330933407
3.5900000000000025,0.15163099256332402,0.0694167419780542,0.08221425058526982
3.6000000000000023,0.15164478816618834,0.06926949487295446,0.08237529329323388
3.610000000000002,0.15165870274967808,0.06912312267021493,0.08253558007946314
3.6200000000000023,0.15167273637849987,0.06897760699452672,0.08269512938397315
3.6300000000000026,0.15168687829569752,0.06883294392218824,0.08285393437350928
3.6400000000000023,0.15170112965144344,0.06868911512637389,0.08301201452506955
3.650000000000002,0.15171548570520577,0.06854610927803663,0.08316937642716914
3.6600000000000024,0.1517299442221865,0.06840391335904099,0.08332603086314551
3.6700000000000026,0.1517444997176649,0.06826251790477138,0.08348198181289353
3.6800000000000024,0.15175915037810403,0.06812191013363261,0.08363724024447142
3.690000000000002,0.15177389624621543,0.0679820724140861,0.08379182383212933
3.7000000000000024,0.15178872963386736,0.06784300203755994,0.08394572759630742
3.7100000000000026,0.1518036504282689,0.0677046833504399,0.084098967077829
3.7200000000000024,0.15181865516577708,0.06756710509240534,0.08425155007337175
3.730000000000002,0.15183373732712283,0.06743026338317847,0.08440347394394436
3.7400000000000024,0.15184889710427976,0.06729414286483898,0.08455475423944078
3.7500000000000027,0.15186413606437105,0.06715872913618882,0.08470540692818222
3.7600000000000025,0.15187944462731334,0.06702401962788822,0.08485542499942512
3.7700000000000022,0.15189482347676236,0.06689000054554851,0.08500482293121385
3.7800000000000025,0.15191026934131469,0.06675666432296334,0.08515360501835134
3.7900000000000027,0.15192578232864692,0.06662399638462242,0.0853017859440245
3.8000000000000025,0.1519413518352191,0.06649200113110892,0.08544935070411017
3.8100000000000023,0.15195698534819094,0.06636065387315548,0.08559633147503545
3.8200000000000025,0.1519726728946532,0.06622995737329934,0.08574271552135385
3.8300000000000027,0.1519884175331959,0.06609989595765951,0.08588852157553638
3.8400000000000025,0.15200421303201903,0.06597046587317737,0.08603374715884166
3.8500000000000023,0.15202005935854734,0.06584165535104276,0.08617840400750458
3.8600000000000025,0.15203595371034023,0.06571345857083781,0.08632249513950242
3.8700000000000028,0.15205189337951883,0.06558586778729497,0.08646602559222386
3.8800000000000026,0.15206787777455383,0.06545887261875316,0.08660900515580067
3.8900000000000023,0.152083903107513,0.06533246841237193,0.08675143469514106
3.9000000000000026,0.15209996690910024,0.06520664827687887,0.08689331863222137
3.910000000000003,0.15211606918116052,0.06508140282781595,0.08703466635334457
3.9200000000000026,0.15213220640181152,0.06495672570691545,0.08717548069489607
3.9300000000000024,0.1521483771194067,0.06483260947818378,0.08731576764122292
3.9400000000000026,0.1521645781838371,0.06470905060265954,0.08745552758117757
3.950000000000003,0.15218081080565912,0.06458603555243635,0.08759477525322278
3.9600000000000026,0.15219707061808196,0.06446356295258725,0.08773350766549472
3.9700000000000024,0.15221335522595783,0.06434162735765343,0.0878717278683044
3.9800000000000026,0.15222966617385908,0.06422021603438634,0.08800945013947274
3.990000000000003,0.15224599682025547,0.06409933226561788,0.08814666455463759
4.000000000000003,0.15226234992646198,0.0639789610254847,0.08828338890097728
4.0100000000000025,0.15227872213828839,0.06385909972608256,0.08841962241220583
4.020000000000003,0.15229511081525848,0.0637397445502849,0.08855536626497358
4.030000000000003,0.15231151591113076,0.0636208862370105,0.08869062967412027
4.040000000000003,0.15232793486937965,0.06350252174198828,0.08882541312739137
4.0500000000000025,0.15234436720998842,0.06338464220548627,0.08895972500450215
4.060000000000002,0.15236080956997525,0.06326724646274962,0.08909356310722563
4.070000000000003,0.15237726353830358,0.06315032242358416,0.08922694111471942
4.080000000000003,0.15239372487082078,0.06303387161162263,0.08935985325919815
4.0900000000000025,0.15241019137132653,0.06291788946573357,0.08949230190559296
4.100000000000003,0.15242666519648632,0.062802362988912,0.08962430220757432
4.110000000000003,0.152443141587968,0.06268729506015903,0.08975584652780898
4.120000000000003,0.1524596233558546,0.06257267092521872,0.0898869524306359
4.130000000000003,0.1524761036081815,0.06245849873847129,0.09001760486971022
4.140000000000002,0.1524925845147323,0.062344765342280485,0.09014781917245182
4.150000000000003,0.15250906418192697,0.06223146817257051,0.09027759600935646
4.160000000000003,0.1525255433195641,0.06211859689384121,0.0904069464257229
4.170000000000003,0.15254201733461223,0.06200615575481602,0.0905358615797962
4.180000000000003,0.1525584868159639,0.061894135703798994,0.0906643511121649
4.190000000000003,0.15257495027915646,0.061782532968701204,0.09079241731045526
4.200000000000003,0.15259140693931825,0.061671342524420754,0.0909200644148975
4.210000000000003,0.1526078550495592,0.061560561474081774,0.09104729357547743
4.220000000000002,0.1526242936646501,0.061450185158236845,0.09117410850641326
4.230000000000003,0.15264072228444264,0.06134020824022813,0.09130051404421452
4.240000000000003,0.1526571395915062,0.061230627114975705,0.0914265124765305
4.250000000000003,0.15267354382211887,0.06112143976596358,0.0915521040561553
4.260000000000003,0.15268993531912858,0.06101263864449862,0.09167729667462995
4.270000000000003,0.1527063120236185,0.06090422283419959,0.09180208918941891
4.280000000000003,0.15272267317532653,0.060796187880828335,0.0919264852944982
4.290000000000003,0.1527390186780869,0.060688527738574895,0.09205049093951201
4.3000000000000025,0.1527553456797195,0.060581244218951696,0.0921741014607678
4.310000000000003,0.15277165643713086,0.06047432455278351,0.09229733188434736
4.320000000000003,0.15278794633318832,0.0603677760631538,0.09242017027003452
4.330000000000003,0.15280421868138036,0.06026158293136826,0.09254263575001209
4.340000000000003,0.15282046853541553,0.06015575395898001,0.09266471457643552
4.350000000000003,0.15283669851283768,0.06005027523353376,0.09278642327930392
4.360000000000003,0.15285290463941323,0.059945153539535966,0.09290775109987726
4.370000000000003,0.15286908730807125,0.05984038157302513,0.09302870573504612
4.380000000000003,0.15288524548841487,0.05973595700059766,0.0931492884878172
4.390000000000003,0.15290138162369257,0.05963186685084856,0.09326951477284401
4.400000000000003,0.1529174919228336,0.05952811749970021,0.09338937442313339
4.410000000000003,0.1529335745579397,0.05942470937622748,0.09350886518171223
4.4200000000000035,0.15294963054227478,0.0593216337829074,0.0936279967593674
4.430000000000003,0.1529656608542802,0.059218883501815846,0.09374677735246437
4.440000000000003,0.15298166247485534,0.059116462056981824,0.09386520041787352
4.450000000000003,0.15299763492513796,0.059014366438664305,0.09398326848647365
4.460000000000003,0.153013578027171,0.05891259246646922,0.09410098556070179
4.470000000000003,0.1530294913926618,0.05881113639480921,0.0942183549978526
4.480000000000003,0.15304537381194575,0.05870999776216383,0.09433537604978191
4.490000000000003,0.15306122476655937,0.05860917382026074,0.09445205094629863
4.5000000000000036,0.15307704481629428,0.05850865747306081,0.09456838734323347
4.510000000000003,0.15309283203877178,0.05840845140969694,0.09468438062907483
4.520000000000003,0.1531085863087541,0.05830855169379775,0.09480003461495634
4.530000000000003,0.15312430747146874,0.05820895418269416,0.09491535328877458
4.540000000000003,0.15313999524359187,0.058109655443873316,0.09503033979971856
4.550000000000003,0.15315564741622412,0.058010659814252116,0.095144987601972
4.560000000000003,0.1531712649278277,0.05791195941870936,0.09525930550911835
4.570000000000003,0.15318684710361544,0.05781355289621298,0.09537329420740245
4.580000000000004,0.15320239364958022,0.05771543692450866,0.09548695672507156
4.590000000000003,0.15321790352081555,0.05761761208455812,0.09560029143625742
4.600000000000003,0.1532333774169313,0.057520071087558314,0.09571330632937299
4.610000000000003,0.15324881292590267,0.05742282005407632,0.09582599287182636
4.620000000000003,0.15326421111846386,0.05732585099232303,0.09593836012614083
4.6300000000000034,0.15327957155568195,0.05722916211060206,0.09605040944507989
4.640000000000003,0.15329489300918736,0.057132754065594295,0.09616213894359307
4.650000000000003,0.1533101763473393,0.05703662041941628,0.096273555927923
4.660000000000004,0.15332541995594653,0.05694076426631288,0.09638465568963366
4.6700000000000035,0.15334062438007057,0.05684517987887453,0.09649544450119604
4.680000000000003,0.1533557887044278,0.05674986725649184,0.09660592144793595
4.690000000000003,0.1533709127352035,0.05665482395817635,0.09671608877702716
4.700000000000003,0.15338599606709677,0.05656005016252241,0.09682594590457436
4.7100000000000035,0.1534010384975252,0.05646554127936666,0.09693549721815854
4.720000000000003,0.15341603943774273,0.056371298095401916,0.09704474134234081
4.730000000000003,0.1534309990471459,0.056277316646397756,0.09715368240074815
4.740000000000004,0.1534459164287891,0.056183597814236604,0.0972623186145525
4.7500000000000036,0.1534607914752704,0.05609013927518411,0.09737065220008628
4.760000000000003,0.15347562499221287,0.055996934749130874,0.097478690243082
4.770000000000003,0.15349041550500955,0.05590398790779707,0.09758642759721248
4.780000000000003,0.15350516234676886,0.05581129923491526,0.0976938631118536
4.790000000000004,0.15351986748180213,0.05571885663675402,0.09780101084504811
4.800000000000003,0.15353452706270923,0.05562667548778151,0.09790785157492772
4.810000000000003,0.1535491442427302,0.05553473900074245,0.09801440524198775
4.820000000000004,0.15356371664968294,0.05544305568327365,0.09812066096640928
4.830000000000004,0.15357824535646303,0.05535161795471734,0.09822662740174569
4.840000000000003,0.15359273015412928,0.05526042434740226,0.09833230580672701
4.850000000000003,0.15360717022619003,0.055169476615774,0.09843769361041602
4.860000000000003,0.15362156466477675,0.05507877678501481,0.09854278787976194
4.870000000000004,0.15363591444761382,0.05498831826811031,0.0986475961795035
4.8800000000000034,0.15365021970872347,0.054898098081158454,0.09875212162756503
4.890000000000003,0.15366447858787555,0.05480812311023906,0.09885635547763649
4.900000000000004,0.15367869245678226,0.054718384854465174,0.09896030760231708
4.910000000000004,0.15369286052004988,0.054628885454563576,0.09906397506548631
4.9200000000000035,0.1537069827425681,0.054539622746429,0.09916735999613911
4.930000000000003,0.15372105857102322,0.05445059765797831,0.09927046091304492
4.940000000000003,0.15373508921648188,0.054361803518191504,0.09937328569829038
4.950000000000004,0.1537490728618751,0.05427324601382383,0.09947582684805129
4.9600000000000035,0.15376300976009527,0.05418492315119326,0.09957808660890201
4.970000000000003,0.1537769015262916,0.05409682542370078,0.0996800761025908
4.980000000000004,0.15379074589184855,0.0540089622372879,0.09978178365456064
4.990000000000004,0.15380454308995445,0.05392133075809593,0.09988321233185851
5.0000000000000036,0.1538182936626852,0.053833927246392944,0.09998436641629227
